symbol,direction,signal_time,entry_price,eval_time,eval_price,pnl_pct,result,exit_reason
BSB-USDT-SWAP,LONG,2026-07-05T18:51:22.806106+00:00,0.1941,2026-07-06T13:10:42.579600+00:00,0.178,-0.08295,LOSS,STOP_LOSS
LIT-USDT-SWAP,LONG,2026-07-05T18:51:22.806106+00:00,2.3951,2026-07-06T13:10:42.579600+00:00,2.3913,-0.00159,FLAT,TIME_EXIT
NES-USDT-SWAP,LONG,2026-07-05T22:33:29.549285+00:00,0.275,2026-07-06T13:10:42.579600+00:00,0.2684,-0.02400,LOSS,STOP_LOSS
WLFI-USDT-SWAP,LONG,2026-07-06T13:01:23.232617+00:00,0.05742,2026-07-06T23:48:11.272033+00:00,0.05823,0.01411,WIN,TIME_EXIT
PEPE-USDT-SWAP,SHORT,2026-07-06T19:23:44.175515+00:00,2.74e-06,2026-07-07T10:49:20.649993+00:00,2.705e-06,0.01277,WIN,TIME_EXIT
AAVE-USDT-SWAP,LONG,2026-07-06T23:38:45.507100+00:00,94.17,2026-07-07T10:49:20.649993+00:00,93.28,-0.00945,LOSS,TIME_EXIT
BILL-USDT-SWAP,LONG,2026-07-06T23:38:45.507100+00:00,0.04289,2026-07-07T10:49:20.649993+00:00,0.04415,0.02938,WIN,TIME_EXIT
INJ-USDT-SWAP,LONG,2026-07-06T23:38:45.507100+00:00,4.814,2026-07-07T10:49:20.649993+00:00,4.743,-0.01475,LOSS,STOP_LOSS
KORU-USDT-SWAP,LONG,2026-07-06T23:38:45.507100+00:00,600.86,2026-07-07T10:49:20.649993+00:00,549.42,-0.08561,LOSS,STOP_LOSS
MRVL-USDT-SWAP,LONG,2026-07-06T23:38:45.507100+00:00,246.13,2026-07-07T10:49:20.649993+00:00,237.28,-0.03596,LOSS,STOP_LOSS
NBIS-USDT-SWAP,LONG,2026-07-06T23:38:45.507100+00:00,210.77,2026-07-07T10:49:20.649993+00:00,207.12,-0.01732,LOSS,STOP_LOSS
QQQ-USDT-SWAP,LONG,2026-07-06T23:38:45.507100+00:00,721.7,2026-07-07T10:49:20.649993+00:00,716.6,-0.00707,LOSS,TIME_EXIT
SNDK-USDT-SWAP,LONG,2026-07-06T23:38:45.507100+00:00,1692.26,2026-07-07T10:49:20.649993+00:00,1645.95,-0.02737,LOSS,STOP_LOSS
PEPE-USDT-SWAP,LONG,2026-07-07T10:41:04.808678+00:00,2.705e-06,2026-07-07T22:46:34.983693+00:00,2.681e-06,-0.00887,LOSS,TIME_EXIT
ALLO-USDT-SWAP,LONG,2026-07-07T22:37:19.103285+00:00,0.40253,2026-07-08T07:49:50.479884+00:00,0.40708,0.01130,WIN,TIME_EXIT
PUMP-USDT-SWAP,LONG,2026-07-07T22:37:19.103285+00:00,0.001565,2026-07-08T07:49:50.479884+00:00,0.001539,-0.01661,LOSS,STOP_LOSS
SAMSUNG-USDT-SWAP,LONG,2026-07-07T22:37:19.103285+00:00,193.05,2026-07-08T07:49:50.479884+00:00,184.42,-0.04470,LOSS,STOP_LOSS
SKHYNIX-USDT-SWAP,LONG,2026-07-07T22:37:19.103285+00:00,1408.15,2026-07-08T07:49:50.479884+00:00,1392.58,-0.01106,LOSS,STOP_LOSS
SOXL-USDT-SWAP,LONG,2026-07-07T22:37:19.103285+00:00,164.33,2026-07-08T07:49:50.479884+00:00,164.85,0.00316,FLAT,TIME_EXIT
ZEC-USDT-SWAP,LONG,2026-07-07T22:37:19.103285+00:00,482.52,2026-07-08T07:49:50.479884+00:00,477.25,-0.01092,LOSS,STOP_LOSS
PEPE-USDT-SWAP,LONG,2026-07-08T07:42:54.331753+00:00,2.619e-06,2026-07-08T13:26:33.768182+00:00,2.57e-06,-0.01871,LOSS,STOP_LOSS
UB-USDT-SWAP,LONG,2026-07-08T13:17:23.872798+00:00,0.08089,2026-07-08T18:22:27.107176+00:00,0.07684,-0.05007,LOSS,STOP_LOSS
PUMP-USDT-SWAP,SHORT,2026-07-08T18:13:54.026125+00:00,0.001502,2026-07-09T10:50:46.880707+00:00,0.001502,-0.00000,FLAT,TIME_EXIT
BZ-USDT-SWAP,SHORT,2026-07-08T22:15:57.885029+00:00,79.07,2026-07-09T10:50:46.880707+00:00,78.26,0.01024,WIN,TIME_EXIT
CL-USDT-SWAP,SHORT,2026-07-08T22:15:57.885029+00:00,74.58,2026-07-09T10:50:46.880707+00:00,73.72,0.01153,WIN,TIME_EXIT
AAVE-USDT-SWAP,LONG,2026-07-09T22:47:37.651962+00:00,90.93,2026-07-10T10:45:57.337628+00:00,96.87,0.06532,WIN,TIME_EXIT
GLW-USDT-SWAP,LONG,2026-07-09T22:47:37.651962+00:00,195.72,2026-07-10T10:45:57.337628+00:00,191.59,-0.02110,LOSS,STOP_LOSS
TIA-USDT-SWAP,LONG,2026-07-09T22:47:37.651962+00:00,0.4083,2026-07-10T10:45:57.337628+00:00,0.4179,0.02351,WIN,TIME_EXIT
NES-USDT-SWAP,LONG,2026-07-10T21:32:02.539589+00:00,0.2887,2026-07-11T06:11:40.215177+00:00,0.2717,-0.05888,LOSS,STOP_LOSS
UB-USDT-SWAP,LONG,2026-07-10T21:32:02.539589+00:00,0.07539,2026-07-11T06:11:40.215177+00:00,0.07507,-0.00424,FLAT,TIME_EXIT
PEPE-USDT-SWAP,LONG,2026-07-11T06:04:07.081851+00:00,2.758e-06,2026-07-11T14:43:19.148085+00:00,2.814e-06,0.02030,WIN,TIME_EXIT
ETHFI-USDT-SWAP,LONG,2026-07-11T20:27:54.522472+00:00,0.428,2026-07-11T23:43:55.296993+00:00,0.417,-0.02570,LOSS,STOP_LOSS
ARB-USDT-SWAP,LONG,2026-07-11T23:37:00.393306+00:00,0.09481,2026-07-12T07:56:58.325240+00:00,0.09806,0.03428,WIN,TIME_EXIT
KAITO-USDT-SWAP,LONG,2026-07-11T23:37:00.393306+00:00,0.6634,2026-07-12T07:56:58.325240+00:00,0.6741,0.01613,WIN,TIME_EXIT
SNDK-USDT-SWAP,LONG,2026-07-11T23:37:00.393306+00:00,1948.8,2026-07-12T07:56:58.325240+00:00,1949.54,0.00038,FLAT,TIME_EXIT
SPCX-USDT-SWAP,LONG,2026-07-11T23:37:00.393306+00:00,145.92,2026-07-12T07:56:58.325240+00:00,145.91,-0.00007,FLAT,TIME_EXIT
WLD-USDT-SWAP,LONG,2026-07-11T23:37:00.393306+00:00,0.3977,2026-07-12T07:56:58.325240+00:00,0.4015,0.00955,WIN,TIME_EXIT
BCH-USDT-SWAP,LONG,2026-07-11T23:37:00.393306+00:00,244.5,2026-07-12T07:56:58.325240+00:00,244.1,-0.00164,FLAT,TIME_EXIT
BEAT-USDT-SWAP,LONG,2026-07-12T18:07:46.658348+00:00,2.7938,2026-07-12T20:46:38.876031+00:00,2.6636,-0.04660,LOSS,STOP_LOSS
H-USDT-SWAP,LONG,2026-07-12T20:37:01.826113+00:00,0.0721,2026-07-12T23:46:37.463461+00:00,0.06868,-0.04743,LOSS,STOP_LOSS
CL-USDT-SWAP,LONG,2026-07-12T23:37:43.818821+00:00,73.78,2026-07-13T11:49:09.398345+00:00,73.78,0.00000,FLAT,TIME_EXIT
ZEC-USDT-SWAP,LONG,2026-07-12T23:37:43.818821+00:00,532.38,2026-07-13T11:49:09.398345+00:00,512.94,-0.03652,LOSS,STOP_LOSS
KITE-USDT-SWAP,LONG,2026-07-13T18:18:48.509661+00:00,0.12921,2026-07-14T06:07:46.800059+00:00,0.12728,-0.01494,LOSS,STOP_LOSS
AAPL-USDT-SWAP,SHORT,2026-07-13T21:35:22.903357+00:00,317.08,2026-07-14T06:07:46.800059+00:00,315.63,0.00457,FLAT,TIME_EXIT
ALLO-USDT-SWAP,LONG,2026-07-13T21:35:22.903357+00:00,0.45789,2026-07-14T06:07:46.800059+00:00,0.3825,-0.16465,LOSS,STOP_LOSS
EWY-USDT-SWAP,LONG,2026-07-13T21:35:22.903357+00:00,167.67,2026-07-14T06:07:46.800059+00:00,168.08,0.00245,FLAT,TIME_EXIT
JUP-USDT-SWAP,LONG,2026-07-13T21:35:22.903357+00:00,0.2055,2026-07-14T06:07:46.800059+00:00,0.2041,-0.00681,LOSS,TIME_EXIT
KAITO-USDT-SWAP,LONG,2026-07-13T21:35:22.903357+00:00,0.6705,2026-07-14T06:07:46.800059+00:00,0.6885,0.02685,WIN,TIME_EXIT
KORU-USDT-SWAP,LONG,2026-07-13T21:35:22.903357+00:00,413.13,2026-07-14T06:07:46.800059+00:00,414.3,0.00283,FLAT,TIME_EXIT
O-USDT-SWAP,LONG,2026-07-13T21:35:22.903357+00:00,0.51,2026-07-14T06:07:46.800059+00:00,0.5134,0.00667,WIN,TIME_EXIT
JUP-USDT-SWAP,LONG,2026-07-14T20:33:45.770643+00:00,0.207,2026-07-15T07:33:48.580103+00:00,0.2086,0.00773,WIN,TIME_EXIT
LAB-USDT-SWAP,LONG,2026-07-15T07:26:17.816464+00:00,0.2292,2026-07-15T17:01:53.391096+00:00,0.2203,-0.03883,LOSS,STOP_LOSS
PUMP-USDT-SWAP,LONG,2026-07-15T20:38:31.471648+00:00,0.001656,2026-07-16T07:44:02.872955+00:00,0.001603,-0.03200,LOSS,STOP_LOSS
LAB-USDT-SWAP,LONG,2026-07-16T13:05:33.072927+00:00,0.2106,2026-07-16T23:52:39.966246+00:00,0.2212,0.05033,WIN,TIME_EXIT
ONDO-USDT-SWAP,SHORT,2026-07-16T13:05:33.072927+00:00,0.3823,2026-07-16T23:52:39.966246+00:00,0.3631,0.05022,WIN,TIME_EXIT
RAVE-USDT-SWAP,LONG,2026-07-16T13:05:33.072927+00:00,0.3002,2026-07-16T23:52:39.966246+00:00,0.3228,0.07528,WIN,TIME_EXIT
ONDO-USDT-SWAP,LONG,2026-07-16T20:39:29.126082+00:00,0.3727,2026-07-16T23:52:39.966246+00:00,0.3631,-0.02576,LOSS,STOP_LOSS
AAPL-USDT-SWAP,SHORT,2026-07-16T23:43:04.080131+00:00,334.9,2026-07-17T07:43:17.542245+00:00,336.9,-0.00597,LOSS,TIME_EXIT
DRAM-USDT-SWAP,LONG,2026-07-16T23:43:04.080131+00:00,51.59,2026-07-17T07:43:17.542245+00:00,49.22,-0.04594,LOSS,STOP_LOSS
ORDI-USDT-SWAP,LONG,2026-07-16T23:43:04.080131+00:00,3.511,2026-07-17T07:43:17.542245+00:00,3.511,0.00000,FLAT,TIME_EXIT
SNDK-USDT-SWAP,LONG,2026-07-16T23:43:04.080131+00:00,1374.73,2026-07-17T07:43:17.542245+00:00,1317.44,-0.04167,LOSS,STOP_LOSS
BILL-USDT-SWAP,SHORT,2026-07-17T11:59:47.698546+00:00,0.02765,2026-07-17T20:23:56.589159+00:00,0.02343,0.15262,WIN,TIME_EXIT
KAITO-USDT-SWAP,SHORT,2026-07-17T11:59:47.698546+00:00,0.8927,2026-07-17T20:23:56.589159+00:00,0.8623,0.03405,WIN,TIME_EXIT
ALLO-USDT-SWAP,LONG,2026-07-18T17:43:10.950533+00:00,0.44663,2026-07-19T07:55:43.063019+00:00,0.46093,0.03202,WIN,TIME_EXIT
PUMP-USDT-SWAP,LONG,2026-07-18T17:43:10.950533+00:00,0.001651,2026-07-19T07:55:43.063019+00:00,0.001643,-0.00485,FLAT,TIME_EXIT
LTC-USDT-SWAP,LONG,2026-07-18T20:26:50.776338+00:00,46.89,2026-07-19T07:55:43.063019+00:00,47.06,0.00363,FLAT,TIME_EXIT
BILL-USDT-SWAP,SHORT,2026-07-19T11:39:37.126760+00:00,0.02717,2026-07-19T20:42:23.414189+00:00,0.02537,0.06625,WIN,TIME_EXIT
KAITO-USDT-SWAP,SHORT,2026-07-19T11:39:37.126760+00:00,0.9673,2026-07-19T20:42:23.414189+00:00,0.9471,0.02088,WIN,TIME_EXIT
LAB-USDT-SWAP,LONG,2026-07-19T14:43:39.587142+00:00,0.1618,2026-07-19T18:14:31.591845+00:00,0.152,-0.06057,LOSS,STOP_LOSS
PENGU-USDT-SWAP,LONG,2026-07-19T18:06:07.968149+00:00,0.006076,2026-07-20T02:25:26.799099+00:00,0.006192,0.01909,WIN,TIME_EXIT
PI-USDT-SWAP,LONG,2026-07-19T18:06:07.968149+00:00,0.09346,2026-07-20T02:25:26.799099+00:00,0.09603,0.02750,WIN,TIME_EXIT
UB-USDT-SWAP,LONG,2026-07-21T00:14:07.540914+00:00,0.09729,2026-07-21T09:47:30.621703+00:00,0.10222,0.05067,WIN,TIME_EXIT
KAITO-USDT-SWAP,LONG,2026-07-22T08:00:43.286507+00:00,0.9617,2026-07-22T17:57:56.423059+00:00,0.9967,0.03639,WIN,TIME_EXIT
PUMP-USDT-SWAP,LONG,2026-07-22T08:00:43.286507+00:00,0.001962,2026-07-22T17:57:56.423059+00:00,0.001916,-0.02345,LOSS,STOP_LOSS
LAB-USDT-SWAP,LONG,2026-07-22T13:11:47.325475+00:00,0.1491,2026-07-22T21:51:45.869017+00:00,0.1593,0.06841,WIN,TIME_EXIT
NIGHT-USDT-SWAP,LONG,2026-07-22T13:11:47.325475+00:00,0.021113,2026-07-22T17:57:56.423059+00:00,0.020033,-0.05115,LOSS,STOP_LOSS
BONK-USDT-SWAP,LONG,2026-07-22T21:42:11.182431+00:00,3.014e-06,2026-07-23T06:51:20.045993+00:00,2.985e-06,-0.00962,LOSS,TIME_EXIT
BSB-USDT-SWAP,LONG,2026-07-22T21:42:11.182431+00:00,0.1437,2026-07-23T06:51:20.045993+00:00,0.1398,-0.02714,LOSS,STOP_LOSS
GOOGL-USDT-SWAP,LONG,2026-07-22T21:42:11.182431+00:00,326.36,2026-07-23T06:51:20.045993+00:00,333.46,0.02176,WIN,TIME_EXIT
LAB-USDT-SWAP,LONG,2026-07-22T21:42:11.182431+00:00,0.1593,2026-07-23T06:51:20.045993+00:00,0.1554,-0.02448,LOSS,STOP_LOSS
RE-USDT-SWAP,SHORT,2026-07-22T21:42:11.182431+00:00,0.48238,2026-07-23T06:51:20.045993+00:00,0.45881,0.04886,WIN,TIME_EXIT
SKHY-USDT-SWAP,SHORT,2026-07-22T21:42:11.182431+00:00,170.51,2026-07-23T06:51:20.045993+00:00,170.88,-0.00217,FLAT,TIME_EXIT
UB-USDT-SWAP,LONG,2026-07-22T21:42:11.182431+00:00,0.11354,2026-07-23T06:51:20.045993+00:00,0.11858,0.04439,WIN,TIME_EXIT
BEAT-USDT-SWAP,SHORT,2026-07-23T06:43:37.555120+00:00,2.708,2026-07-23T12:23:32.659981+00:00,2.8378,-0.04793,LOSS,STOP_LOSS
ZAMA-USDT-SWAP,SHORT,2026-07-23T06:43:37.555120+00:00,0.04971,2026-07-23T12:23:32.659981+00:00,0.05357,-0.07765,LOSS,STOP_LOSS
ZAMA-USDT-SWAP,SHORT,2026-07-23T17:05:12.849081+00:00,0.05523,2026-07-24T09:21:18.515309+00:00,0.05386,0.02481,WIN,TIME_EXIT
XPL-USDT-SWAP,LONG,2026-07-24T00:10:14.019747+00:00,0.08113,2026-07-24T09:21:18.515309+00:00,0.08488,0.04622,WIN,TIME_EXIT
BILL-USDT-SWAP,LONG,2026-07-24T15:15:12.064329+00:00,0.02951,2026-07-24T20:10:51.860164+00:00,0.02921,-0.01017,LOSS,STOP_LOSS
APR-USDT-SWAP,LONG,2026-07-24T20:03:45.066958+00:00,0.2021,2026-07-24T23:51:48.178459+00:00,0.1975,-0.02276,LOSS,STOP_LOSS
PUMP-USDT-SWAP,SHORT,2026-07-24T20:03:45.066958+00:00,0.001848,2026-07-25T07:40:48.170781+00:00,0.001802,0.02489,WIN,TIME_EXIT
ZAMA-USDT-SWAP,SHORT,2026-07-24T23:44:46.551941+00:00,0.0537,2026-07-25T07:40:48.170781+00:00,0.06143,-0.14395,LOSS,STOP_LOSS
PENGU-USDT-SWAP,SHORT,2026-07-25T15:46:09.768618+00:00,0.006028,2026-07-25T20:23:02.006102+00:00,0.00623,-0.03351,LOSS,STOP_LOSS
PENGU-USDT-SWAP,LONG,2026-07-25T23:44:46.117947+00:00,0.006188,2026-07-26T08:07:07.853853+00:00,0.006371,0.02957,WIN,TIME_EXIT
PEPE-USDT-SWAP,LONG,2026-07-26T15:44:51.042426+00:00,2.932e-06,2026-07-27T12:08:19.375000+00:00,2.959e-06,0.00921,WIN,TIME_EXIT
BONK-USDT-SWAP,LONG,2026-07-26T15:44:51.042426+00:00,3.074e-06,2026-07-27T12:08:19.375000+00:00,3.095e-06,0.00683,WIN,TIME_EXIT
KAITO-USDT-SWAP,SHORT,2026-07-26T15:44:51.042426+00:00,1.1751,2026-07-26T23:39:55.698951+00:00,1.1882,-0.01115,LOSS,STOP_LOSS
INJ-USDT-SWAP,SHORT,2026-07-26T23:32:51.775465+00:00,4.984,2026-07-27T12:08:19.375000+00:00,4.923,0.01224,WIN,TIME_EXIT
BEAT-USDT-SWAP,LONG,2026-07-27T18:08:48.659201+00:00,3.6563,2026-07-27T22:02:06.394397+00:00,2.7676,-0.24306,LOSS,STOP_LOSS
ZAMA-USDT-SWAP,SHORT,2026-07-27T18:08:48.659201+00:00,0.06416,2026-07-28T07:54:27.147682+00:00,0.06366,0.00779,WIN,TIME_EXIT
LA-USDT-SWAP,LONG,2026-07-27T21:53:03.483427+00:00,0.06854,2026-07-28T07:54:27.147682+00:00,0.06234,-0.09046,LOSS,STOP_LOSS
PENGU-USDT-SWAP,LONG,2026-07-28T07:47:11.184929+00:00,0.005919,2026-07-28T16:03:35.446072+00:00,0.006096,0.02990,WIN,TIME_EXIT
PUMP-USDT-SWAP,LONG,2026-07-28T07:47:11.184929+00:00,0.002088,2026-07-28T16:03:35.446072+00:00,0.002032,-0.02682,LOSS,STOP_LOSS
SOON-USDT-SWAP,LONG,2026-07-28T07:47:11.184929+00:00,0.2368,2026-07-28T16:03:35.446072+00:00,0.2826,0.19341,WIN,TIME_EXIT
PEPE-USDT-SWAP,LONG,2026-07-28T20:36:35.120315+00:00,2.797e-06,2026-07-29T10:25:54.972019+00:00,2.747e-06,-0.01788,LOSS,STOP_LOSS
ENA-USDT-SWAP,SHORT,2026-07-29T00:07:31.995905+00:00,0.08369,2026-07-29T10:25:54.972019+00:00,0.08144,0.02688,WIN,TIME_EXIT
PUMP-USDT-SWAP,LONG,2026-07-29T10:15:53.863957+00:00,0.00189,2026-07-29T20:26:02.645278+00:00,0.001873,-0.00899,LOSS,TIME_EXIT
XPL-USDT-SWAP,LONG,2026-07-29T16:04:44.900568+00:00,0.07685,2026-07-30T08:09:03.389860+00:00,0.07461,-0.02915,LOSS,STOP_LOSS
ONDO-USDT-SWAP,SHORT,2026-07-29T23:46:32.902222+00:00,0.4042,2026-07-30T08:09:03.389860+00:00,0.4097,-0.01361,LOSS,STOP_LOSS
SHIB-USDT-SWAP,LONG,2026-07-30T07:59:53.255630+00:00,4.589e-06,2026-07-30T18:13:27.567583+00:00,4.617e-06,0.00610,WIN,TIME_EXIT
MMT-USDT-SWAP,SHORT,2026-07-30T18:04:50.648782+00:00,0.2411,2026-07-30T22:03:01.259604+00:00,0.2698,-0.11904,LOSS,STOP_LOSS
PEOPLE-USDT-SWAP,LONG,2026-07-30T18:04:50.648782+00:00,0.006856,2026-07-30T22:03:01.259604+00:00,0.006714,-0.02071,LOSS,STOP_LOSS
SHIB-USDT-SWAP,LONG,2026-07-30T18:04:50.648782+00:00,4.617e-06,2026-07-31T08:28:50.821222+00:00,4.702e-06,0.01841,WIN,TIME_EXIT
PENGU-USDT-SWAP,SHORT,2026-07-30T21:53:38.360418+00:00,0.006133,2026-07-31T08:28:50.821222+00:00,0.006077,0.00913,WIN,TIME_EXIT
RE-USDT-SWAP,SHORT,2026-07-30T21:53:38.360418+00:00,0.46352,2026-07-31T08:28:50.821222+00:00,0.44929,0.03070,WIN,TIME_EXIT
SNDK-USDT-SWAP,SHORT,2026-07-30T21:53:38.360418+00:00,1335.46,2026-07-31T08:28:50.821222+00:00,1317.42,0.01351,WIN,TIME_EXIT
UNI-USDT-SWAP,LONG,2026-07-30T21:53:38.360418+00:00,4.399,2026-07-31T08:28:50.821222+00:00,4.403,0.00091,FLAT,TIME_EXIT
BONK-USDT-SWAP,LONG,2026-07-31T15:52:18.899907+00:00,2.765e-06,2026-08-01T00:20:42.381471+00:00,2.808e-06,0.01555,WIN,TIME_EXIT
GIGGLE-USDT-SWAP,SHORT,2026-08-01T07:56:15.547549+00:00,48.93,2026-08-01T20:08:04.731488+00:00,39.1,0.20090,WIN,TIME_EXIT
SHIB-USDT-SWAP,SHORT,2026-08-01T15:41:38.998555+00:00,5.097e-06,2026-08-01T23:52:23.147702+00:00,4.81e-06,0.05631,WIN,TIME_EXIT
BEAT-USDT-SWAP,LONG,2026-08-01T20:00:21.417257+00:00,4.2463,2026-08-02T08:02:17.461910+00:00,4.1257,-0.02840,LOSS,STOP_LOSS
AVAX-USDT-SWAP,SHORT,2026-08-01T23:42:34.422368+00:00,6.185,2026-08-02T08:02:17.461910+00:00,6.597,-0.06661,LOSS,STOP_LOSS
GIGGLE-USDT-SWAP,LONG,2026-08-02T07:52:57.941138+00:00,40.24,2026-08-02T20:08:28.082337+00:00,42.02,0.04423,WIN,TIME_EXIT
PEOPLE-USDT-SWAP,LONG,2026-08-02T11:45:00.400556+00:00,0.007067,2026-08-02T20:08:28.082337+00:00,0.00704,-0.00382,FLAT,TIME_EXIT
CAP-USDT-SWAP,LONG,2026-08-02T15:43:04.727064+00:00,0.0313,2026-08-02T20:08:28.082337+00:00,0.03007,-0.03930,LOSS,STOP_LOSS
KAITO-USDT-SWAP,LONG,2026-08-02T15:43:04.727064+00:00,1.064,2026-08-02T20:08:28.082337+00:00,1.0376,-0.02481,LOSS,STOP_LOSS
AEON-USDT-SWAP,SHORT,2026-08-02T20:00:48.929984+00:00,0.07116,2026-08-03T12:48:20.962951+00:00,0.06872,0.03429,WIN,TIME_EXIT
BOME-USDT-SWAP,LONG,2026-08-02T20:00:48.929984+00:00,0.000615,2026-08-02T23:53:25.005961+00:00,0.0005977,-0.02813,LOSS,STOP_LOSS
PUMP-USDT-SWAP,LONG,2026-08-02T20:00:48.929984+00:00,0.00214,2026-08-02T23:53:25.005961+00:00,0.002089,-0.02383,LOSS,STOP_LOSS
H-USDT-SWAP,LONG,2026-08-02T20:00:48.929984+00:00,0.07527,2026-08-03T12:48:20.962951+00:00,0.07498,-0.00385,FLAT,TIME_EXIT
BICO-USDT-SWAP,SHORT,2026-08-03T18:58:32.337432+00:00,0.0181,2026-08-04T04:58:46.370318+00:00,0.01725,0.04696,WIN,TIME_EXIT
UB-USDT-SWAP,LONG,2026-08-03T20:26:52.536115+00:00,0.18873,2026-08-03T23:53:35.023814+00:00,0.1843,-0.02347,LOSS,STOP_LOSS
GRVT-USDT-SWAP,LONG,2026-08-03T21:38:19.297621+00:00,0.26534,2026-08-04T07:41:34.922379+00:00,0.26689,0.00584,WIN,TIME_EXIT
SNDK-USDT-SWAP,SHORT,2026-08-03T21:38:19.297621+00:00,1312.01,2026-08-04T07:41:34.922379+00:00,1320.97,-0.00683,LOSS,TIME_EXIT
PUMP-USDT-SWAP,LONG,2026-08-03T22:38:08.251076+00:00,0.002122,2026-08-04T07:41:34.922379+00:00,0.002235,0.05325,WIN,TIME_EXIT
PIPPIN-USDT-SWAP,LONG,2026-08-04T01:44:09.397658+00:00,0.01877,2026-08-04T04:58:46.370318+00:00,0.01851,-0.01385,LOSS,STOP_LOSS
GIGGLE-USDT-SWAP,LONG,2026-08-04T01:44:09.397658+00:00,38.97,2026-08-04T04:58:46.370318+00:00,34.6,-0.11214,LOSS,STOP_LOSS
ALGO-USDT-SWAP,LONG,2026-08-04T10:17:57.183154+00:00,0.08988,2026-08-04T18:29:27.999703+00:00,0.08932,-0.00623,LOSS,TIME_EXIT
BEAT-USDT-SWAP,LONG,2026-08-04T16:49:27.742983+00:00,2.431,2026-08-04T18:29:27.999703+00:00,2.38,-0.02098,LOSS,STOP_LOSS
PUMP-USDT-SWAP,SHORT,2026-08-04T18:23:09.694987+00:00,0.002304,2026-08-04T20:15:38.062902+00:00,0.002477,-0.07509,LOSS,STOP_LOSS
BSB-USDT-SWAP,LONG,2026-08-04T20:07:04.687314+00:00,0.1328,2026-08-05T04:33:22.840574+00:00,0.1348,0.01506,WIN,TIME_EXIT
PIEVERSE-USDT-SWAP,LONG,2026-08-04T20:07:04.687314+00:00,0.7841,2026-08-05T04:33:22.840574+00:00,0.7928,0.01110,WIN,TIME_EXIT
ORCL-USDT-SWAP,LONG,2026-08-04T21:33:42.003747+00:00,144.81,2026-08-05T07:19:48.620435+00:00,145.83,0.00704,WIN,TIME_EXIT
SHIB-USDT-SWAP,LONG,2026-08-04T21:33:42.003747+00:00,4.989e-06,2026-08-05T04:33:22.840574+00:00,4.92e-06,-0.01383,LOSS,STOP_LOSS
BICO-USDT-SWAP,SHORT,2026-08-04T22:42:20.694151+00:00,0.02292,2026-08-05T07:19:48.620435+00:00,0.0258,-0.12565,LOSS,STOP_LOSS
PUMP-USDT-SWAP,LONG,2026-08-05T01:04:21.130134+00:00,0.002397,2026-08-05T09:56:11.719500+00:00,0.002504,0.04464,WIN,TIME_EXIT
PUMP-USDT-SWAP,SHORT,2026-08-05T11:51:47.978330+00:00,0.00252,2026-08-05T13:53:22.847030+00:00,0.002561,-0.01627,LOSS,STOP_LOSS
HOME-USDT-SWAP,SHORT,2026-08-05T17:21:17.428689+00:00,0.009583,2026-08-06T01:54:45.899475+00:00,0.008916,0.06960,WIN,TIME_EXIT
PENGU-USDT-SWAP,LONG,2026-08-05T18:59:15.475744+00:00,0.006138,2026-08-06T05:05:05.085629+00:00,0.006208,0.01140,WIN,TIME_EXIT
CRCL-USDT-SWAP,LONG,2026-08-05T20:27:38.441743+00:00,62.75,2026-08-05T21:51:44.818492+00:00,62.09,-0.01052,LOSS,STOP_LOSS
GRVT-USDT-SWAP,LONG,2026-08-05T20:27:38.441743+00:00,0.32571,2026-08-05T21:51:44.818492+00:00,0.31635,-0.02874,LOSS,STOP_LOSS
SAMSUNG-USDT-SWAP,LONG,2026-08-05T20:27:38.441743+00:00,171.84,2026-08-05T23:59:44.516066+00:00,169.64,-0.01280,LOSS,STOP_LOSS
BICO-USDT-SWAP,SHORT,2026-08-06T04:57:33.029755+00:00,0.02949,2026-08-06T14:51:59.842601+00:00,0.03434,-0.16446,LOSS,STOP_LOSS
BEAT-USDT-SWAP,LONG,2026-08-06T04:57:33.029755+00:00,2.065,2026-08-06T07:42:59.481760+00:00,1.8284,-0.11458,LOSS,STOP_LOSS
ZBT-USDT-SWAP,SHORT,2026-08-06T12:23:50.359049+00:00,0.14755,2026-08-06T14:51:59.842601+00:00,0.17581,-0.19153,LOSS,STOP_LOSS
ZAMA-USDT-SWAP,SHORT,2026-08-06T14:43:37.876137+00:00,0.05046,2026-08-07T00:19:48.774654+00:00,0.05259,-0.04221,LOSS,STOP_LOSS
AEON-USDT-SWAP,LONG,2026-08-07T00:13:51.162752+00:00,0.05824,2026-08-07T08:53:24.262257+00:00,0.05694,-0.02232,LOSS,STOP_LOSS
BICO-USDT-SWAP,SHORT,2026-08-07T00:13:51.162752+00:00,0.03781,2026-08-07T05:11:23.925960+00:00,0.03917,-0.03597,LOSS,STOP_LOSS
RIVER-USDT-SWAP,LONG,2026-08-07T03:15:02.971406+00:00,3.082,2026-08-07T06:25:19.579562+00:00,3.008,-0.02401,LOSS,STOP_LOSS
INJ-USDT-SWAP,SHORT,2026-08-07T07:50:10.904462+00:00,4.516,2026-08-07T15:51:43.471880+00:00,4.526,-0.00221,FLAT,TIME_EXIT
HOME-USDT-SWAP,SHORT,2026-08-07T10:43:04.860135+00:00,0.009505,2026-08-07T19:37:59.181440+00:00,0.009007,0.05239,WIN,TIME_EXIT
ENA-USDT-SWAP,LONG,2026-08-07T12:26:53.043342+00:00,0.09529,2026-08-07T17:37:59.656898+00:00,0.0934,-0.01983,LOSS,STOP_LOSS
CAP-USDT-SWAP,LONG,2026-08-07T17:31:41.769252+00:00,0.03557,2026-08-08T03:01:19.329110+00:00,0.03719,0.04554,WIN,TIME_EXIT
MMT-USDT-SWAP,LONG,2026-08-07T17:31:41.769252+00:00,0.1787,2026-08-08T03:01:19.329110+00:00,0.2021,0.13095,WIN,TIME_EXIT
BSB-USDT-SWAP,LONG,2026-08-07T18:28:28.710919+00:00,0.1635,2026-08-07T19:37:59.181440+00:00,0.1582,-0.03242,LOSS,STOP_LOSS
GOOGL-USDT-SWAP,LONG,2026-08-07T18:28:28.710919+00:00,354.64,2026-08-08T03:01:19.329110+00:00,355.72,0.00305,FLAT,TIME_EXIT
H-USDT-SWAP,LONG,2026-08-07T18:28:28.710919+00:00,0.09085,2026-08-07T19:37:59.181440+00:00,0.0853,-0.06109,LOSS,STOP_LOSS
SPCX-USDT-SWAP,SHORT,2026-08-07T18:28:28.710919+00:00,128.86,2026-08-07T19:37:59.181440+00:00,130.46,-0.01242,LOSS,STOP_LOSS
SNXX-USDT-SWAP,LONG,2026-08-07T19:29:20.267617+00:00,9.11,2026-08-08T04:13:28.800273+00:00,9.19,0.00878,WIN,TIME_EXIT
ALLO-USDT-SWAP,LONG,2026-08-07T20:06:00.177056+00:00,0.33461,2026-08-07T21:02:38.623865+00:00,0.3311,-0.01049,LOSS,STOP_LOSS
SKHYNIX-USDT-SWAP,SHORT,2026-08-07T20:06:00.177056+00:00,1016.48,2026-08-08T04:13:28.800273+00:00,1011.3,0.00510,WIN,TIME_EXIT
PUMP-USDT-SWAP,LONG,2026-08-07T20:56:27.039951+00:00,0.0023,2026-08-07T22:25:13.727474+00:00,0.002258,-0.01826,LOSS,STOP_LOSS
BONK-USDT-SWAP,SHORT,2026-08-07T21:33:07.621878+00:00,2.494e-06,2026-08-08T06:00:09.796091+00:00,2.471e-06,0.00922,WIN,TIME_EXIT
RAVE-USDT-SWAP,LONG,2026-08-08T02:53:41.291767+00:00,0.3173,2026-08-08T05:14:22.606624+00:00,0.3123,-0.01576,LOSS,STOP_LOSS
TRX-USDT-SWAP,SHORT,2026-08-08T02:53:41.291767+00:00,0.32766,2026-08-08T11:05:41.894990+00:00,0.32898,-0.00403,FLAT,TIME_EXIT
TAO-USDT-SWAP,LONG,2026-08-08T05:08:15.604168+00:00,195.0,2026-08-08T13:34:58.745712+00:00,196.0,0.00513,WIN,TIME_EXIT
MMT-USDT-SWAP,SHORT,2026-08-08T05:54:07.232516+00:00,0.218,2026-08-08T06:44:46.084617+00:00,0.241,-0.10550,LOSS,STOP_LOSS
BEAT-USDT-SWAP,LONG,2026-08-08T06:36:19.703009+00:00,2.1182,2026-08-08T14:56:04.869183+00:00,2.7371,0.29218,WIN,TIME_EXIT
AEON-USDT-SWAP,LONG,2026-08-08T06:36:19.703009+00:00,0.0527,2026-08-08T14:56:04.869183+00:00,0.05446,0.03340,WIN,TIME_EXIT
GIGGLE-USDT-SWAP,LONG,2026-08-08T06:36:19.703009+00:00,32.1,2026-08-08T14:56:04.869183+00:00,34.2,0.06542,WIN,TIME_EXIT
UB-USDT-SWAP,LONG,2026-08-08T06:36:19.703009+00:00,0.14205,2026-08-08T07:40:19.195703+00:00,0.13903,-0.02126,LOSS,STOP_LOSS
H-USDT-SWAP,LONG,2026-08-08T07:34:11.189699+00:00,0.07625,2026-08-08T08:28:55.640310+00:00,0.07523,-0.01338,LOSS,STOP_LOSS
BOME-USDT-SWAP,LONG,2026-08-08T09:08:06.349474+00:00,0.0006414,2026-08-08T13:34:58.745712+00:00,0.0006328,-0.01341,LOSS,STOP_LOSS
RE-USDT-SWAP,SHORT,2026-08-08T09:08:06.349474+00:00,0.44527,2026-08-08T11:58:55.008821+00:00,0.45148,-0.01395,LOSS,STOP_LOSS
PENGU-USDT-SWAP,LONG,2026-08-08T09:52:03.404921+00:00,0.006179,2026-08-08T17:52:03.646723+00:00,0.006298,0.01926,WIN,TIME_EXIT
PIEVERSE-USDT-SWAP,LONG,2026-08-08T09:52:03.404921+00:00,0.8209,2026-08-08T10:28:24.077715+00:00,0.7978,-0.02814,LOSS,STOP_LOSS
BEAT-USDT-SWAP,LONG,2026-08-08T11:26:43.674500+00:00,2.3647,2026-08-08T19:30:57.268984+00:00,2.8594,0.20920,WIN,TIME_EXIT
AEON-USDT-SWAP,LONG,2026-08-08T14:47:38.478812+00:00,0.05446,2026-08-08T23:00:34.320141+00:00,0.06114,0.12266,WIN,TIME_EXIT
CAP-USDT-SWAP,LONG,2026-08-08T15:53:39.057722+00:00,0.03637,2026-08-08T23:58:02.466427+00:00,0.03711,0.02035,WIN,TIME_EXIT
AEON-USDT-SWAP,SHORT,2026-08-08T17:43:53.420961+00:00,0.0588,2026-08-08T18:09:37.973884+00:00,0.05974,-0.01599,LOSS,STOP_LOSS
BEAT-USDT-SWAP,SHORT,2026-08-08T18:55:40.813492+00:00,2.8361,2026-08-08T20:02:14.441886+00:00,2.9615,-0.04422,LOSS,STOP_LOSS
ICP-USDT-SWAP,LONG,2026-08-08T20:55:54.937482+00:00,2.187,2026-08-09T03:13:04.866120+00:00,2.16,-0.01235,LOSS,STOP_LOSS
GIGGLE-USDT-SWAP,LONG,2026-08-08T20:55:54.937482+00:00,35.76,2026-08-09T01:08:00.651200+00:00,34.9,-0.02405,LOSS,STOP_LOSS
H-USDT-SWAP,LONG,2026-08-08T23:19:05.266341+00:00,0.07872,2026-08-09T03:13:04.866120+00:00,0.0778,-0.01169,LOSS,STOP_LOSS
BICO-USDT-SWAP,SHORT,2026-08-08T23:19:05.266341+00:00,0.06137,2026-08-08T23:58:02.466427+00:00,0.06319,-0.02966,LOSS,STOP_LOSS
BEAT-USDT-SWAP,SHORT,2026-08-09T01:01:29.087531+00:00,2.9844,2026-08-09T03:13:04.866120+00:00,3.2827,-0.09995,LOSS,STOP_LOSS
MMT-USDT-SWAP,SHORT,2026-08-09T04:33:58.646823+00:00,0.2238,2026-08-09T06:33:04.688398+00:00,0.2303,-0.02904,LOSS,STOP_LOSS
RE-USDT-SWAP,SHORT,2026-08-09T06:26:50.157164+00:00,0.42019,2026-08-09T14:39:06.986560+00:00,0.39754,0.05390,WIN,TIME_EXIT
GRVT-USDT-SWAP,SHORT,2026-08-09T07:30:41.320411+00:00,0.2857,2026-08-09T11:39:57.437342+00:00,0.28861,-0.01019,LOSS,STOP_LOSS
RAVE-USDT-SWAP,LONG,2026-08-09T07:30:41.320411+00:00,0.3535,2026-08-09T09:15:03.000088+00:00,0.3391,-0.04074,LOSS,STOP_LOSS
BEAT-USDT-SWAP,SHORT,2026-08-09T07:30:41.320411+00:00,3.1955,2026-08-09T08:28:44.801649+00:00,3.2677,-0.02259,LOSS,STOP_LOSS
SNXX-USDT-SWAP,LONG,2026-08-09T08:21:11.763506+00:00,9.16,2026-08-09T16:59:23.162615+00:00,9.23,0.00764,WIN,TIME_EXIT
BEAT-USDT-SWAP,LONG,2026-08-09T09:08:58.643721+00:00,3.2039,2026-08-09T17:29:07.063427+00:00,3.5225,0.09944,WIN,TIME_EXIT
BEAT-USDT-SWAP,LONG,2026-08-09T14:33:06.105783+00:00,3.2441,2026-08-09T22:55:42.587093+00:00,3.9177,0.20764,WIN,TIME_EXIT
RAVE-USDT-SWAP,LONG,2026-08-09T14:33:06.105783+00:00,0.3192,2026-08-09T22:55:42.587093+00:00,0.3289,0.03039,WIN,TIME_EXIT
GIGGLE-USDT-SWAP,LONG,2026-08-09T16:51:56.932985+00:00,33.58,2026-08-10T01:19:41.860978+00:00,34.54,0.02859,WIN,TIME_EXIT
MUBARAK-USDT-SWAP,SHORT,2026-08-09T16:51:56.932985+00:00,0.024245,2026-08-09T17:29:07.063427+00:00,0.025555,-0.05403,LOSS,STOP_LOSS
UB-USDT-SWAP,LONG,2026-08-09T16:51:56.932985+00:00,0.13129,2026-08-09T19:18:00.520579+00:00,0.12948,-0.01379,LOSS,STOP_LOSS
BOME-USDT-SWAP,LONG,2026-08-09T23:56:09.575057+00:00,0.0008437,2026-08-10T03:27:20.216157+00:00,0.0007585,-0.10098,LOSS,STOP_LOSS
MUBARAK-USDT-SWAP,SHORT,2026-08-10T01:13:47.926196+00:00,0.028869,2026-08-10T09:54:32.132364+00:00,0.019655,0.31917,WIN,TIME_EXIT
HOME-USDT-SWAP,SHORT,2026-08-10T03:18:46.546085+00:00,0.009263,2026-08-10T05:09:32.476680+00:00,0.009878,-0.06639,LOSS,STOP_LOSS
SKHYNIX-USDT-SWAP,LONG,2026-08-10T03:18:46.546085+00:00,1019.11,2026-08-10T06:29:22.041670+00:00,1003.6,-0.01522,LOSS,STOP_LOSS
ZAMA-USDT-SWAP,SHORT,2026-08-10T06:20:53.575331+00:00,0.04633,2026-08-10T14:21:18.876132+00:00,0.0458,0.01144,WIN,TIME_EXIT
BICO-USDT-SWAP,SHORT,2026-08-10T09:46:57.760494+00:00,0.04343,2026-08-10T18:10:08.554851+00:00,0.0412,0.05135,WIN,TIME_EXIT
UB-USDT-SWAP,LONG,2026-08-10T09:46:57.760494+00:00,0.13379,2026-08-10T18:10:08.554851+00:00,0.14241,0.06443,WIN,TIME_EXIT
GIGGLE-USDT-SWAP,LONG,2026-08-10T11:47:59.515806+00:00,33.58,2026-08-10T20:08:19.468910+00:00,33.04,-0.01608,LOSS,STOP_LOSS
AAOI-USDT-SWAP,LONG,2026-08-10T12:46:42.341078+00:00,140.58,2026-08-10T15:25:25.330795+00:00,132.71,-0.05598,LOSS,STOP_LOSS
LITE-USDT-SWAP,LONG,2026-08-10T12:46:42.341078+00:00,921.3,2026-08-10T14:21:18.876132+00:00,864.31,-0.06186,LOSS,STOP_LOSS
ENA-USDT-SWAP,LONG,2026-08-10T14:14:32.495876+00:00,0.08907,2026-08-10T16:19:39.127644+00:00,0.08803,-0.01168,LOSS,STOP_LOSS
MSTR-USDT-SWAP,LONG,2026-08-10T14:14:32.495876+00:00,98.82,2026-08-10T17:15:27.410105+00:00,97.34,-0.01498,LOSS,STOP_LOSS
RE-USDT-SWAP,SHORT,2026-08-10T14:14:32.495876+00:00,0.44452,2026-08-10T22:27:05.905114+00:00,0.41199,0.07318,WIN,TIME_EXIT
BIO-USDT-SWAP,LONG,2026-08-10T14:14:32.495876+00:00,0.0274,2026-08-10T15:25:25.330795+00:00,0.02669,-0.02591,LOSS,STOP_LOSS
ETH-USDT-SWAP,LONG,2026-08-10T15:16:45.679459+00:00,1875.28,2026-08-10T23:57:28.066865+00:00,1872.5,-0.00148,FLAT,TIME_EXIT
HOME-USDT-SWAP,SHORT,2026-08-10T16:13:32.269409+00:00,0.01168,2026-08-11T01:08:26.223280+00:00,0.009383,0.19666,WIN,TIME_EXIT
BEAT-USDT-SWAP,LONG,2026-08-10T17:08:40.121280+00:00,1.8591,2026-08-10T18:10:08.554851+00:00,1.782,-0.04147,LOSS,STOP_LOSS
RE-USDT-SWAP,LONG,2026-08-10T17:08:40.121280+00:00,0.44141,2026-08-10T18:10:08.554851+00:00,0.42845,-0.02936,LOSS,STOP_LOSS
CL-USDT-SWAP,SHORT,2026-08-10T18:01:18.203455+00:00,81.64,2026-08-11T03:16:37.830398+00:00,81.82,-0.00220,FLAT,TIME_EXIT
GOOGL-USDT-SWAP,LONG,2026-08-10T18:01:18.203455+00:00,354.73,2026-08-11T03:16:37.830398+00:00,358.43,0.01043,WIN,TIME_EXIT
MMT-USDT-SWAP,LONG,2026-08-10T18:01:18.203455+00:00,0.219,2026-08-10T19:20:00.541641+00:00,0.2132,-0.02648,LOSS,STOP_LOSS
ALLO-USDT-SWAP,LONG,2026-08-10T19:13:49.970247+00:00,0.31658,2026-08-10T20:08:19.468910+00:00,0.31249,-0.01292,LOSS,STOP_LOSS
CRV-USDT-SWAP,SHORT,2026-08-11T03:10:07.004941+00:00,0.2688,2026-08-11T11:34:37.700960+00:00,0.2657,0.01153,WIN,TIME_EXIT
CAP-USDT-SWAP,SHORT,2026-08-11T03:10:07.004941+00:00,0.04641,2026-08-11T04:43:40.087111+00:00,0.04759,-0.02543,LOSS,STOP_LOSS
WLFI-USDT-SWAP,LONG,2026-08-11T03:10:07.004941+00:00,0.05522,2026-08-11T11:34:37.700960+00:00,0.05534,0.00217,FLAT,TIME_EXIT
BICO-USDT-SWAP,SHORT,2026-08-11T04:37:16.762947+00:00,0.04887,2026-08-11T13:45:42.289310+00:00,0.03862,0.20974,WIN,TIME_EXIT
CAP-USDT-SWAP,LONG,2026-08-11T05:40:30.062611+00:00,0.04664,2026-08-11T13:45:42.289310+00:00,0.0512,0.09777,WIN,TIME_EXIT
BEAT-USDT-SWAP,LONG,2026-08-11T06:33:25.010960+00:00,1.2505,2026-08-11T08:00:05.088688+00:00,1.123,-0.10196,LOSS,STOP_LOSS
SNDK-USDT-SWAP,LONG,2026-08-11T06:33:25.010960+00:00,1250.39,2026-08-11T14:50:41.951307+00:00,1257.92,0.00602,WIN,TIME_EXIT
MMT-USDT-SWAP,SHORT,2026-08-11T07:51:51.876800+00:00,0.221,2026-08-11T08:50:58.578354+00:00,0.2278,-0.03077,LOSS,STOP_LOSS
RE-USDT-SWAP,SHORT,2026-08-11T07:51:51.876800+00:00,0.42205,2026-08-11T08:50:58.578354+00:00,0.42854,-0.01538,LOSS,STOP_LOSS
MMT-USDT-SWAP,LONG,2026-08-11T10:34:32.099315+00:00,0.2249,2026-08-11T11:34:37.700960+00:00,0.2197,-0.02312,LOSS,STOP_LOSS
LINK-USDT-SWAP,LONG,2026-08-11T10:34:32.099315+00:00,8.646,2026-08-11T15:46:06.064946+00:00,8.508,-0.01596,LOSS,STOP_LOSS
GIGGLE-USDT-SWAP,LONG,2026-08-11T12:08:40.257065+00:00,35.34,2026-08-11T20:32:42.648282+00:00,38.61,0.09253,WIN,TIME_EXIT
GRVT-USDT-SWAP,LONG,2026-08-11T12:08:40.257065+00:00,0.32973,2026-08-11T13:45:42.289310+00:00,0.31048,-0.05838,LOSS,STOP_LOSS
MU-USDT-SWAP,LONG,2026-08-11T13:39:12.509905+00:00,865.0,2026-08-11T14:50:41.951307+00:00,852.53,-0.01442,LOSS,STOP_LOSS
CAP-USDT-SWAP,SHORT,2026-08-11T14:42:13.132190+00:00,0.05179,2026-08-11T18:41:33.601346+00:00,0.05386,-0.03997,LOSS,STOP_LOSS
SNDK-USDT-SWAP,LONG,2026-08-11T14:42:13.132190+00:00,1257.92,2026-08-11T23:07:54.126219+00:00,1278.36,0.01625,WIN,TIME_EXIT
SNXX-USDT-SWAP,LONG,2026-08-11T14:42:13.132190+00:00,9.75,2026-08-11T23:07:54.126219+00:00,10.06,0.03179,WIN,TIME_EXIT
BEAT-USDT-SWAP,LONG,2026-08-11T15:37:56.685664+00:00,0.9366,2026-08-11T23:56:45.043651+00:00,1.0256,0.09502,WIN,TIME_EXIT
RE-USDT-SWAP,SHORT,2026-08-11T15:37:56.685664+00:00,0.41831,2026-08-11T23:56:45.043651+00:00,0.41846,-0.00036,FLAT,TIME_EXIT
AVAX-USDT-SWAP,SHORT,2026-08-11T19:43:57.970028+00:00,6.259,2026-08-12T05:22:23.062843+00:00,6.289,-0.00479,FLAT,TIME_EXIT
BEAT-USDT-SWAP,LONG,2026-08-11T22:03:31.704445+00:00,1.0429,2026-08-11T23:07:54.126219+00:00,1.0227,-0.01937,LOSS,STOP_LOSS
ENA-USDT-SWAP,LONG,2026-08-11T22:03:31.704445+00:00,0.08961,2026-08-12T06:48:52.570630+00:00,0.08871,-0.01004,LOSS,STOP_LOSS
HOME-USDT-SWAP,SHORT,2026-08-12T01:09:41.174861+00:00,0.009499,2026-08-12T03:36:50.866993+00:00,0.009594,-0.01000,LOSS,STOP_LOSS
ARB-USDT-SWAP,LONG,2026-08-12T05:14:11.578354+00:00,0.07968,2026-08-12T06:48:52.570630+00:00,0.07861,-0.01343,LOSS,STOP_LOSS
SKHYNIX-USDT-SWAP,LONG,2026-08-12T05:14:11.578354+00:00,1060.92,2026-08-12T13:49:27.141819+00:00,1099.6,0.03646,WIN,TIME_EXIT
AEON-USDT-SWAP,LONG,2026-08-12T06:42:40.339797+00:00,0.05775,2026-08-12T14:49:42.310469+00:00,0.05885,0.01905,WIN,TIME_EXIT
BEAT-USDT-SWAP,SHORT,2026-08-12T06:42:40.339797+00:00,1.1945,2026-08-12T09:37:56.398223+00:00,1.2501,-0.04655,LOSS,STOP_LOSS
ALLO-USDT-SWAP,LONG,2026-08-12T08:03:33.454100+00:00,0.30328,2026-08-12T11:34:19.040749+00:00,0.28566,-0.05810,LOSS,STOP_LOSS
APR-USDT-SWAP,SHORT,2026-08-12T08:03:33.454100+00:00,0.326,2026-08-12T09:37:56.398223+00:00,0.3529,-0.08252,LOSS,STOP_LOSS
CRV-USDT-SWAP,SHORT,2026-08-12T08:03:33.454100+00:00,0.2849,2026-08-12T16:41:49.496870+00:00,0.2745,0.03650,WIN,TIME_EXIT
CAP-USDT-SWAP,SHORT,2026-08-12T09:30:14.172054+00:00,0.05823,2026-08-12T17:46:16.445842+00:00,0.05695,0.02198,WIN,TIME_EXIT
GIGGLE-USDT-SWAP,LONG,2026-08-12T09:30:14.172054+00:00,36.53,2026-08-12T10:42:40.449799+00:00,36.12,-0.01122,LOSS,STOP_LOSS
H-USDT-SWAP,LONG,2026-08-12T10:36:14.736688+00:00,0.08655,2026-08-12T18:42:22.867776+00:00,0.08992,0.03894,WIN,TIME_EXIT
AAOI-USDT-SWAP,LONG,2026-08-12T13:42:40.486778+00:00,130.76,2026-08-12T22:17:11.507670+00:00,137.38,0.05063,WIN,TIME_EXIT
AEON-USDT-SWAP,LONG,2026-08-12T13:42:40.486778+00:00,0.0589,2026-08-12T15:45:05.899507+00:00,0.05704,-0.03158,LOSS,STOP_LOSS
APR-USDT-SWAP,SHORT,2026-08-12T13:42:40.486778+00:00,0.3873,2026-08-12T14:49:42.310469+00:00,0.4239,-0.09450,LOSS,STOP_LOSS
FIL-USDT-SWAP,LONG,2026-08-12T13:42:40.486778+00:00,0.704,2026-08-12T19:54:20.501167+00:00,0.6899,-0.02003,LOSS,STOP_LOSS
BICO-USDT-SWAP,LONG,2026-08-12T14:43:11.851021+00:00,0.03438,2026-08-12T21:34:30.992759+00:00,0.03345,-0.02705,LOSS,STOP_LOSS
SPCX-USDT-SWAP,SHORT,2026-08-12T15:38:46.695967+00:00,142.32,2026-08-12T17:46:16.445842+00:00,144.92,-0.01827,LOSS,STOP_LOSS
GRVT-USDT-SWAP,LONG,2026-08-12T19:45:57.238828+00:00,0.3286,2026-08-12T20:41:45.586902+00:00,0.32434,-0.01296,LOSS,STOP_LOSS
APR-USDT-SWAP,SHORT,2026-08-12T21:25:59.667151+00:00,0.4753,2026-08-12T22:17:11.507670+00:00,0.4807,-0.01136,LOSS,STOP_LOSS
HOME-USDT-SWAP,SHORT,2026-08-13T00:43:12.630248+00:00,0.009525,2026-08-13T03:22:35.473239+00:00,0.009672,-0.01543,LOSS,STOP_LOSS
MMT-USDT-SWAP,LONG,2026-08-13T00:43:12.630248+00:00,0.1797,2026-08-13T09:37:57.432389+00:00,0.166,-0.07624,LOSS,STOP_LOSS
SAMSUNG-USDT-SWAP,SHORT,2026-08-13T03:13:54.596733+00:00,189.77,2026-08-13T11:35:33.834890+00:00,185.11,0.02456,WIN,TIME_EXIT
CAP-USDT-SWAP,SHORT,2026-08-13T06:42:31.812741+00:00,0.0587,2026-08-13T14:50:43.895823+00:00,0.05393,0.08126,WIN,TIME_EXIT
SOXL-USDT-SWAP,LONG,2026-08-13T06:42:31.812741+00:00,144.55,2026-08-13T08:13:08.837865+00:00,142.19,-0.01633,LOSS,STOP_LOSS
DOS-USDT-SWAP,SHORT,2026-08-13T09:31:31.718811+00:00,0.2863,2026-08-13T17:47:17.419702+00:00,0.2819,0.01537,WIN,TIME_EXIT
DELL-USDT-SWAP,SHORT,2026-08-13T09:31:31.718811+00:00,503.95,2026-08-13T17:47:17.419702+00:00,499.55,0.00873,WIN,TIME_EXIT
HOME-USDT-SWAP,SHORT,2026-08-13T10:42:27.874805+00:00,0.010723,2026-08-13T12:16:47.302316+00:00,0.010851,-0.01194,LOSS,STOP_LOSS
RE-USDT-SWAP,SHORT,2026-08-13T10:42:27.874805+00:00,0.45801,2026-08-13T18:43:00.422092+00:00,0.4515,0.01421,WIN,TIME_EXIT
APR-USDT-SWAP,LONG,2026-08-13T13:43:26.708590+00:00,0.4741,2026-08-13T22:09:19.245270+00:00,0.5093,0.07425,WIN,TIME_EXIT
SKHY-USDT-SWAP,SHORT,2026-08-13T16:32:56.667001+00:00,166.85,2026-08-14T00:50:28.318146+00:00,165.7,0.00689,WIN,TIME_EXIT
SNDK-USDT-SWAP,SHORT,2026-08-13T16:32:56.667001+00:00,1548.41,2026-08-13T17:47:17.419702+00:00,1564.94,-0.01068,LOSS,STOP_LOSS
HOME-USDT-SWAP,SHORT,2026-08-13T19:42:26.611778+00:00,0.010918,2026-08-14T05:09:08.089802+00:00,0.011228,-0.02839,LOSS,STOP_LOSS
AAOI-USDT-SWAP,LONG,2026-08-13T20:20:05.903729+00:00,131.4,2026-08-14T05:09:08.089802+00:00,131.65,0.00190,FLAT,TIME_EXIT
APR-USDT-SWAP,LONG,2026-08-13T22:59:07.900608+00:00,0.4977,2026-08-14T00:50:28.318146+00:00,0.4572,-0.08137,LOSS,STOP_LOSS
UB-USDT-SWAP,LONG,2026-08-13T22:59:07.900608+00:00,0.1372,2026-08-13T23:50:26.412868+00:00,0.13524,-0.01429,LOSS,STOP_LOSS
EDEN-USDT-SWAP,SHORT,2026-08-14T03:12:08.694495+00:00,0.07959,2026-08-14T11:34:17.069779+00:00,0.05692,0.28483,WIN,TIME_EXIT
MMT-USDT-SWAP,SHORT,2026-08-14T03:12:08.694495+00:00,0.1775,2026-08-14T05:09:08.089802+00:00,0.1812,-0.02085,LOSS,STOP_LOSS
CAP-USDT-SWAP,SHORT,2026-08-14T06:40:13.680040+00:00,0.06058,2026-08-14T09:26:46.471854+00:00,0.06193,-0.02228,LOSS,STOP_LOSS
GRVT-USDT-SWAP,LONG,2026-08-14T08:01:00.230340+00:00,0.3359,2026-08-14T09:26:46.471854+00:00,0.33246,-0.01024,LOSS,STOP_LOSS
UB-USDT-SWAP,LONG,2026-08-14T10:30:21.689750+00:00,0.13113,2026-08-14T16:31:09.830978+00:00,0.12875,-0.01815,LOSS,STOP_LOSS
DOS-USDT-SWAP,SHORT,2026-08-14T12:05:06.223456+00:00,0.2788,2026-08-14T13:46:50.566861+00:00,0.2895,-0.03838,LOSS,STOP_LOSS
SKHYNIX-USDT-SWAP,LONG,2026-08-14T12:05:06.223456+00:00,1190.97,2026-08-14T15:34:52.047095+00:00,1167.76,-0.01949,LOSS,STOP_LOSS
CAP-USDT-SWAP,SHORT,2026-08-14T13:38:03.992522+00:00,0.06881,2026-08-14T14:43:08.489089+00:00,0.07328,-0.06496,LOSS,STOP_LOSS
GRVT-USDT-SWAP,LONG,2026-08-14T13:38:03.992522+00:00,0.33756,2026-08-14T14:43:08.489089+00:00,0.32933,-0.02438,LOSS,STOP_LOSS
ROBO-USDT-SWAP,LONG,2026-08-14T15:28:18.225272+00:00,0.01495,2026-08-14T16:31:09.830978+00:00,0.0148,-0.01003,LOSS,STOP_LOSS
MRVL-USDT-SWAP,LONG,2026-08-14T15:28:18.225272+00:00,218.66,2026-08-14T23:51:00.820024+00:00,221.85,0.01459,WIN,TIME_EXIT
SNXX-USDT-SWAP,SHORT,2026-08-14T15:28:18.225272+00:00,15.9,2026-08-14T18:21:22.511850+00:00,16.06,-0.01006,LOSS,STOP_LOSS
AEON-USDT-SWAP,LONG,2026-08-14T18:12:41.322823+00:00,0.06346,2026-08-14T19:19:55.036894+00:00,0.06204,-0.02238,LOSS,STOP_LOSS
APR-USDT-SWAP,LONG,2026-08-14T19:13:13.478573+00:00,0.5271,2026-08-14T20:31:56.290396+00:00,0.5195,-0.01442,LOSS,STOP_LOSS
PIEVERSE-USDT-SWAP,LONG,2026-08-14T20:53:10.985034+00:00,0.7994,2026-08-15T05:11:14.661221+00:00,0.8365,0.04641,WIN,TIME_EXIT
ETHFI-USDT-SWAP,LONG,2026-08-14T20:53:10.985034+00:00,0.4463,2026-08-15T05:11:14.661221+00:00,0.4472,0.00202,FLAT,TIME_EXIT
WLFI-USDT-SWAP,LONG,2026-08-14T20:53:10.985034+00:00,0.05621,2026-08-14T21:54:24.230344+00:00,0.0555,-0.01263,LOSS,STOP_LOSS
AEON-USDT-SWAP,LONG,2026-08-15T00:00:13.941719+00:00,0.06525,2026-08-15T03:29:22.576835+00:00,0.06366,-0.02437,LOSS,STOP_LOSS
RE-USDT-SWAP,SHORT,2026-08-15T00:00:13.941719+00:00,0.4521,2026-08-15T01:36:37.584374+00:00,0.4588,-0.01482,LOSS,STOP_LOSS
DOS-USDT-SWAP,SHORT,2026-08-15T02:37:27.839388+00:00,0.2946,2026-08-15T10:53:37.774973+00:00,0.2704,0.08215,WIN,TIME_EXIT
ETHFI-USDT-SWAP,LONG,2026-08-15T02:37:27.839388+00:00,0.4533,2026-08-15T04:53:01.103250+00:00,0.4479,-0.01191,LOSS,STOP_LOSS
BOME-USDT-SWAP,LONG,2026-08-15T04:01:49.873514+00:00,0.0007737,2026-08-15T12:03:04.459420+00:00,0.0007838,0.01305,WIN,TIME_EXIT
LINK-USDT-SWAP,LONG,2026-08-15T04:01:49.873514+00:00,9.525,2026-08-15T06:46:11.615959+00:00,9.409,-0.01218,LOSS,STOP_LOSS
AVAX-USDT-SWAP,LONG,2026-08-15T04:44:33.692322+00:00,6.733,2026-08-15T06:46:11.615959+00:00,6.649,-0.01248,LOSS,STOP_LOSS
ROBO-USDT-SWAP,SHORT,2026-08-15T05:37:04.786110+00:00,0.02024,2026-08-15T13:47:15.686414+00:00,0.01367,0.32460,WIN,TIME_EXIT
OP-USDT-SWAP,LONG,2026-08-15T06:39:54.205697+00:00,0.08687,2026-08-15T13:47:15.686414+00:00,0.08594,-0.01071,LOSS,STOP_LOSS
PIEVERSE-USDT-SWAP,LONG,2026-08-15T07:44:33.090935+00:00,0.8036,2026-08-15T15:50:45.420162+00:00,0.8447,0.05114,WIN,TIME_EXIT
GRVT-USDT-SWAP,LONG,2026-08-15T08:43:32.778321+00:00,0.30242,2026-08-15T09:45:55.967837+00:00,0.29803,-0.01452,LOSS,STOP_LOSS
DOS-USDT-SWAP,SHORT,2026-08-15T08:43:32.778321+00:00,0.2837,2026-08-15T16:53:17.614921+00:00,0.2734,0.03631,WIN,TIME_EXIT
APR-USDT-SWAP,LONG,2026-08-15T09:02:35.646590+00:00,0.1896,2026-08-15T11:39:16.172539+00:00,0.1869,-0.01424,LOSS,STOP_LOSS
HOME-USDT-SWAP,SHORT,2026-08-15T10:45:14.958555+00:00,0.009545,2026-08-15T19:00:04.024393+00:00,0.008765,0.08172,WIN,TIME_EXIT
ETHFI-USDT-SWAP,LONG,2026-08-15T11:11:28.144606+00:00,0.4762,2026-08-15T15:50:45.420162+00:00,0.4714,-0.01008,LOSS,STOP_LOSS
BEAT-USDT-SWAP,LONG,2026-08-15T11:32:46.878747+00:00,0.4713,2026-08-15T12:27:56.002497+00:00,0.4632,-0.01719,LOSS,STOP_LOSS
ROBO-USDT-SWAP,LONG,2026-08-15T11:32:46.878747+00:00,0.01461,2026-08-15T13:12:13.783097+00:00,0.01392,-0.04723,LOSS,STOP_LOSS
H-USDT-SWAP,LONG,2026-08-15T11:54:25.806470+00:00,0.12788,2026-08-15T20:00:02.336583+00:00,0.14875,0.16320,WIN,TIME_EXIT
BOME-USDT-SWAP,LONG,2026-08-15T13:58:13.715093+00:00,0.0008196,2026-08-15T22:04:34.550060+00:00,0.000869,0.06027,WIN,TIME_EXIT
GRVT-USDT-SWAP,LONG,2026-08-15T14:45:08.781664+00:00,0.30228,2026-08-15T19:23:17.424287+00:00,0.29907,-0.01062,LOSS,STOP_LOSS
PIEVERSE-USDT-SWAP,LONG,2026-08-15T15:24:50.685429+00:00,0.842,2026-08-15T18:03:28.530169+00:00,0.8324,-0.01140,LOSS,STOP_LOSS
BEAT-USDT-SWAP,LONG,2026-08-15T16:47:13.832204+00:00,0.45,2026-08-15T17:19:50.203956+00:00,0.436,-0.03111,LOSS,STOP_LOSS
BASED-USDT-SWAP,LONG,2026-08-15T17:12:48.570679+00:00,0.07893,2026-08-16T02:24:52.733759+00:00,0.08538,0.08172,WIN,TIME_EXIT
ROBO-USDT-SWAP,SHORT,2026-08-15T18:15:41.524775+00:00,0.0143,2026-08-16T02:24:52.733759+00:00,0.01367,0.04406,WIN,TIME_EXIT
BASED-USDT-SWAP,LONG,2026-08-15T22:56:23.521410+00:00,0.08213,2026-08-16T00:01:52.691930+00:00,0.07991,-0.02703,LOSS,STOP_LOSS
RE-USDT-SWAP,LONG,2026-08-15T23:34:52.419307+00:00,0.46062,2026-08-16T04:13:58.756565+00:00,0.45556,-0.01099,LOSS,STOP_LOSS
APR-USDT-SWAP,LONG,2026-08-16T00:49:55.499725+00:00,0.148,2026-08-16T09:09:33.865697+00:00,0.187,0.26351,WIN,TIME_EXIT
BEAT-USDT-SWAP,LONG,2026-08-16T02:16:45.170458+00:00,0.3366,2026-08-16T10:27:11.960313+00:00,0.3965,0.17796,WIN,TIME_EXIT
H-USDT-SWAP,LONG,2026-08-16T04:48:20.781863+00:00,0.15616,2026-08-16T10:27:11.960313+00:00,0.14846,-0.04931,LOSS,STOP_LOSS
GRVT-USDT-SWAP,LONG,2026-08-16T05:19:53.054924+00:00,0.28925,2026-08-16T13:50:39.570857+00:00,0.29967,0.03602,WIN,TIME_EXIT
CAP-USDT-SWAP,SHORT,2026-08-16T05:19:53.054924+00:00,0.06681,2026-08-16T06:31:58.597610+00:00,0.0682,-0.02081,LOSS,STOP_LOSS
CHIP-USDT-SWAP,LONG,2026-08-16T05:19:53.054924+00:00,0.02691,2026-08-16T13:50:39.570857+00:00,0.02853,0.06020,WIN,TIME_EXIT
XPL-USDT-SWAP,LONG,2026-08-16T05:19:53.054924+00:00,0.07751,2026-08-16T13:50:39.570857+00:00,0.07713,-0.00490,FLAT,TIME_EXIT
KAITO-USDT-SWAP,SHORT,2026-08-16T05:50:40.619468+00:00,0.3523,2026-08-16T08:07:44.113081+00:00,0.363,-0.03037,LOSS,STOP_LOSS
BEAT-USDT-SWAP,LONG,2026-08-16T09:56:56.843217+00:00,0.4098,2026-08-16T10:27:11.960313+00:00,0.3965,-0.03245,LOSS,STOP_LOSS
CHIP-USDT-SWAP,SHORT,2026-08-16T11:11:48.908221+00:00,0.03052,2026-08-16T11:38:48.960070+00:00,0.03139,-0.02851,LOSS,STOP_LOSS
H-USDT-SWAP,LONG,2026-08-16T13:07:14.387641+00:00,0.14849,2026-08-16T13:50:39.570857+00:00,0.12155,-0.18143,LOSS,STOP_LOSS
CAP-USDT-SWAP,SHORT,2026-08-16T13:42:39.120398+00:00,0.06917,2026-08-16T22:00:56.306381+00:00,0.06594,0.04670,WIN,TIME_EXIT
CRV-USDT-SWAP,LONG,2026-08-16T14:24:37.809765+00:00,0.2465,2026-08-16T22:41:39.487234+00:00,0.2488,0.00933,WIN,TIME_EXIT
GIGGLE-USDT-SWAP,LONG,2026-08-16T15:12:41.801318+00:00,32.85,2026-08-16T16:03:56.857235+00:00,32.34,-0.01553,LOSS,STOP_LOSS
CHIP-USDT-SWAP,SHORT,2026-08-16T15:35:02.045717+00:00,0.03053,2026-08-16T23:41:25.466624+00:00,0.02797,0.08385,WIN,TIME_EXIT
WLFI-USDT-SWAP,LONG,2026-08-16T15:55:22.088043+00:00,0.05965,2026-08-17T00:00:39.500810+00:00,0.05941,-0.00402,FLAT,TIME_EXIT
ROBO-USDT-SWAP,SHORT,2026-08-16T16:14:20.783208+00:00,0.01565,2026-08-17T00:51:00.983988+00:00,0.01433,0.08435,WIN,TIME_EXIT
AEON-USDT-SWAP,LONG,2026-08-16T16:42:37.904046+00:00,0.07001,2026-08-16T17:06:55.489823+00:00,0.069,-0.01443,LOSS,STOP_LOSS
WLD-USDT-SWAP,LONG,2026-08-16T17:53:53.931127+00:00,0.3618,2026-08-16T21:22:38.701119+00:00,0.3581,-0.01023,LOSS,STOP_LOSS
APR-USDT-SWAP,LONG,2026-08-16T20:56:27.317092+00:00,0.1964,2026-08-16T22:41:39.487234+00:00,0.1944,-0.01018,LOSS,STOP_LOSS
HOME-USDT-SWAP,SHORT,2026-08-16T21:14:29.889138+00:00,0.007615,2026-08-17T05:33:42.172329+00:00,0.006979,0.08352,WIN,TIME_EXIT
BSB-USDT-SWAP,LONG,2026-08-17T04:00:16.657763+00:00,0.1275,2026-08-17T10:53:37.857849+00:00,0.1208,-0.05255,LOSS,STOP_LOSS
KAITO-USDT-SWAP,SHORT,2026-08-17T04:55:22.321415+00:00,0.3456,2026-08-17T13:22:27.186854+00:00,0.3492,-0.01042,LOSS,STOP_LOSS
CHIP-USDT-SWAP,SHORT,2026-08-17T05:27:38.520688+00:00,0.02931,2026-08-17T07:05:46.903760+00:00,0.03126,-0.06653,LOSS,STOP_LOSS
RE-USDT-SWAP,SHORT,2026-08-17T05:27:38.520688+00:00,0.42418,2026-08-17T14:01:28.342157+00:00,0.41187,0.02902,WIN,TIME_EXIT
GPS-USDT-SWAP,SHORT,2026-08-17T05:27:38.520688+00:00,0.015102,2026-08-17T09:31:17.811522+00:00,0.015346,-0.01616,LOSS,STOP_LOSS
OP-USDT-SWAP,LONG,2026-08-17T07:53:50.367935+00:00,0.08497,2026-08-17T10:11:46.145732+00:00,0.08407,-0.01059,LOSS,STOP_LOSS
BSB-USDT-SWAP,LONG,2026-08-17T10:46:32.548163+00:00,0.1208,2026-08-17T19:14:48.524646+00:00,0.1205,-0.00248,FLAT,TIME_EXIT
O-USDT-SWAP,LONG,2026-08-17T10:46:32.548163+00:00,0.5042,2026-08-17T11:25:14.339585+00:00,0.4931,-0.02202,LOSS,STOP_LOSS
GPS-USDT-SWAP,SHORT,2026-08-17T11:17:13.100784+00:00,0.016609,2026-08-17T11:56:13.958610+00:00,0.016942,-0.02005,LOSS,STOP_LOSS
BEAT-USDT-SWAP,LONG,2026-08-17T11:47:40.326893+00:00,0.2935,2026-08-17T13:22:27.186854+00:00,0.2848,-0.02964,LOSS,STOP_LOSS
MSTR-USDT-SWAP,LONG,2026-08-17T12:24:34.712548+00:00,94.25,2026-08-17T20:30:44.270155+00:00,97.67,0.03629,WIN,TIME_EXIT
SNDK-USDT-SWAP,SHORT,2026-08-17T14:51:41.502119+00:00,1810.68,2026-08-17T23:06:23.986435+00:00,1811.14,-0.00025,FLAT,TIME_EXIT
GOOGL-USDT-SWAP,LONG,2026-08-17T14:51:41.502119+00:00,342.79,2026-08-17T23:06:23.986435+00:00,344.37,0.00461,FLAT,TIME_EXIT
SPCX-USDT-SWAP,SHORT,2026-08-17T14:51:41.502119+00:00,148.61,2026-08-17T23:06:23.986435+00:00,145.87,0.01844,WIN,TIME_EXIT
H-USDT-SWAP,LONG,2026-08-17T15:17:04.244751+00:00,0.11362,2026-08-17T23:33:18.322118+00:00,0.12113,0.06610,WIN,TIME_EXIT
SKHYNIX-USDT-SWAP,LONG,2026-08-17T15:46:48.854012+00:00,1235.73,2026-08-17T19:14:48.524646+00:00,1214.93,-0.01683,LOSS,STOP_LOSS
GPS-USDT-SWAP,SHORT,2026-08-17T16:17:04.076840+00:00,0.016678,2026-08-18T01:24:17.040781+00:00,0.016687,-0.00054,FLAT,TIME_EXIT
BEAT-USDT-SWAP,LONG,2026-08-17T17:18:27.973349+00:00,0.2714,2026-08-17T22:23:21.882428+00:00,0.2685,-0.01069,LOSS,STOP_LOSS
CRV-USDT-SWAP,LONG,2026-08-17T17:18:27.973349+00:00,0.2499,2026-08-17T17:59:09.779053+00:00,0.2463,-0.01441,LOSS,STOP_LOSS
INTC-USDT-SWAP,LONG,2026-08-17T17:52:34.151328+00:00,103.46,2026-08-18T02:41:19.899631+00:00,101.31,-0.02078,LOSS,STOP_LOSS
GRVT-USDT-SWAP,LONG,2026-08-17T17:52:34.151328+00:00,0.28027,2026-08-17T18:30:40.288320+00:00,0.27602,-0.01516,LOSS,STOP_LOSS
SAMSUNG-USDT-SWAP,LONG,2026-08-17T17:52:34.151328+00:00,201.53,2026-08-17T23:06:23.986435+00:00,199.13,-0.01191,LOSS,STOP_LOSS
GIGGLE-USDT-SWAP,LONG,2026-08-17T21:17:17.922862+00:00,34.43,2026-08-17T23:52:36.807779+00:00,34.03,-0.01162,LOSS,STOP_LOSS
PIEVERSE-USDT-SWAP,LONG,2026-08-17T22:59:20.027368+00:00,0.9296,2026-08-18T04:57:34.467140+00:00,0.8827,-0.05045,LOSS,STOP_LOSS
CAP-USDT-SWAP,SHORT,2026-08-18T01:15:42.090951+00:00,0.07128,2026-08-18T09:54:40.212351+00:00,0.06921,0.02904,WIN,TIME_EXIT
SKHYNIX-USDT-SWAP,LONG,2026-08-18T02:32:25.861899+00:00,1201.82,2026-08-18T03:32:58.066922+00:00,1176.71,-0.02089,LOSS,STOP_LOSS
BEAT-USDT-SWAP,LONG,2026-08-18T02:32:25.861899+00:00,0.2754,2026-08-18T05:28:50.143725+00:00,0.2656,-0.03558,LOSS,STOP_LOSS
LAB-USDT-SWAP,LONG,2026-08-18T02:32:25.861899+00:00,0.07945,2026-08-18T11:01:49.195949+00:00,0.07997,0.00654,WIN,TIME_EXIT
H-USDT-SWAP,LONG,2026-08-18T04:04:42.073303+00:00,0.12057,2026-08-18T09:54:40.212351+00:00,0.1166,-0.03293,LOSS,STOP_LOSS
FIL-USDT-SWAP,SHORT,2026-08-18T05:52:07.640221+00:00,0.6234,2026-08-18T14:12:41.455056+00:00,0.6214,0.00321,FLAT,TIME_EXIT
JTO-USDT-SWAP,LONG,2026-08-18T07:13:30.174256+00:00,0.5772,2026-08-18T09:09:32.730226+00:00,0.5708,-0.01109,LOSS,STOP_LOSS
GRVT-USDT-SWAP,LONG,2026-08-18T08:25:05.499491+00:00,0.28457,2026-08-18T10:25:37.031233+00:00,0.2813,-0.01149,LOSS,STOP_LOSS
BEAT-USDT-SWAP,LONG,2026-08-18T10:53:15.435486+00:00,0.2514,2026-08-18T11:25:15.525233+00:00,0.2409,-0.04177,LOSS,STOP_LOSS
SOXL-USDT-SWAP,LONG,2026-08-18T14:03:27.380267+00:00,128.51,2026-08-18T14:56:27.583991+00:00,125.56,-0.02296,LOSS,STOP_LOSS
AEON-USDT-SWAP,LONG,2026-08-18T14:03:27.380267+00:00,0.08984,2026-08-18T14:56:27.583991+00:00,0.0883,-0.01714,LOSS,STOP_LOSS
PEOPLE-USDT-SWAP,LONG,2026-08-18T15:21:48.644876+00:00,0.00767,2026-08-18T19:46:27.101514+00:00,0.007573,-0.01265,LOSS,STOP_LOSS
BZ-USDT-SWAP,SHORT,2026-08-18T15:21:48.644876+00:00,89.94,2026-08-18T23:30:29.674386+00:00,89.78,0.00178,FLAT,TIME_EXIT
UB-USDT-SWAP,LONG,2026-08-18T16:20:21.424089+00:00,0.11815,2026-08-19T01:16:18.087242+00:00,0.12066,0.02124,WIN,TIME_EXIT
ALLO-USDT-SWAP,LONG,2026-08-18T17:19:42.315430+00:00,0.29744,2026-08-18T17:59:49.400465+00:00,0.286,-0.03846,LOSS,STOP_LOSS
GPS-USDT-SWAP,SHORT,2026-08-18T17:51:13.800895+00:00,0.018241,2026-08-18T18:30:12.027594+00:00,0.018458,-0.01190,LOSS,STOP_LOSS
KORU-USDT-SWAP,LONG,2026-08-18T19:55:34.342941+00:00,17.93,2026-08-18T21:52:02.384759+00:00,17.71,-0.01227,LOSS,STOP_LOSS
BASED-USDT-SWAP,LONG,2026-08-18T19:55:34.342941+00:00,0.07862,2026-08-19T04:15:24.201672+00:00,0.07787,-0.00954,LOSS,TIME_EXIT
ALLO-USDT-SWAP,LONG,2026-08-18T22:13:04.868002+00:00,0.29437,2026-08-19T06:36:15.184025+00:00,0.30082,0.02191,WIN,TIME_EXIT
AAOI-USDT-SWAP,LONG,2026-08-18T23:43:23.024929+00:00,128.67,2026-08-19T04:55:26.962501+00:00,126.93,-0.01352,LOSS,STOP_LOSS
DOS-USDT-SWAP,SHORT,2026-08-18T23:57:47.152156+00:00,0.2365,2026-08-19T02:38:27.875667+00:00,0.2486,-0.05116,LOSS,STOP_LOSS
BEAT-USDT-SWAP,LONG,2026-08-19T02:30:39.308541+00:00,0.2129,2026-08-19T04:15:24.201672+00:00,0.2092,-0.01738,LOSS,STOP_LOSS
H-USDT-SWAP,LONG,2026-08-19T02:30:39.308541+00:00,0.1082,2026-08-19T04:55:26.962501+00:00,0.10703,-0.01081,LOSS,STOP_LOSS
SNXX-USDT-SWAP,LONG,2026-08-19T02:30:39.308541+00:00,14.98,2026-08-19T04:55:26.962501+00:00,14.6,-0.02537,LOSS,STOP_LOSS
UB-USDT-SWAP,LONG,2026-08-19T03:27:54.595832+00:00,0.11992,2026-08-19T10:59:12.481569+00:00,0.11826,-0.01384,LOSS,STOP_LOSS
DOS-USDT-SWAP,SHORT,2026-08-19T04:49:09.093633+00:00,0.2634,2026-08-19T10:28:00.293921+00:00,0.2686,-0.01974,LOSS,STOP_LOSS
APR-USDT-SWAP,LONG,2026-08-19T05:21:10.641074+00:00,0.2012,2026-08-19T10:28:00.293921+00:00,0.1978,-0.01690,LOSS,STOP_LOSS
GRVT-USDT-SWAP,LONG,2026-08-19T07:59:44.300445+00:00,0.29841,2026-08-19T08:49:41.612603+00:00,0.29407,-0.01454,LOSS,STOP_LOSS
ENA-USDT-SWAP,LONG,2026-08-19T09:15:14.058824+00:00,0.08458,2026-08-19T17:25:28.197151+00:00,0.08893,0.05143,WIN,TIME_EXIT
SOXL-USDT-SWAP,LONG,2026-08-19T09:15:14.058824+00:00,129.25,2026-08-19T09:58:58.474123+00:00,127.09,-0.01671,LOSS,STOP_LOSS
SNXX-USDT-SWAP,LONG,2026-08-19T09:50:15.377886+00:00,15.36,2026-08-19T10:28:00.293921+00:00,15.2,-0.01042,LOSS,STOP_LOSS
BE-USDT-SWAP,LONG,2026-08-19T09:50:15.377886+00:00,208.94,2026-08-19T11:56:13.300617+00:00,205.56,-0.01618,LOSS,STOP_LOSS
MU-USDT-SWAP,LONG,2026-08-19T09:50:15.377886+00:00,940.65,2026-08-19T14:12:36.748804+00:00,928.8,-0.01260,LOSS,STOP_LOSS
BEAT-USDT-SWAP,LONG,2026-08-19T09:50:15.377886+00:00,0.1931,2026-08-19T17:02:59.006588+00:00,0.1756,-0.09063,LOSS,STOP_LOSS
DOS-USDT-SWAP,SHORT,2026-08-19T11:16:55.308263+00:00,0.267,2026-08-19T17:02:59.006588+00:00,0.2704,-0.01273,LOSS,STOP_LOSS
RE-USDT-SWAP,SHORT,2026-08-19T11:47:18.047692+00:00,0.41992,2026-08-19T13:33:13.134187+00:00,0.42589,-0.01422,LOSS,STOP_LOSS
CAP-USDT-SWAP,SHORT,2026-08-19T13:24:06.048903+00:00,0.0718,2026-08-19T14:59:55.567368+00:00,0.07356,-0.02451,LOSS,STOP_LOSS
INTC-USDT-SWAP,LONG,2026-08-19T14:04:01.857991+00:00,92.13,2026-08-19T22:23:48.908503+00:00,93.63,0.01628,WIN,TIME_EXIT
SNXX-USDT-SWAP,SHORT,2026-08-19T14:50:42.680721+00:00,14.74,2026-08-19T15:30:02.933329+00:00,14.99,-0.01696,LOSS,STOP_LOSS
XPL-USDT-SWAP,LONG,2026-08-19T15:54:30.928520+00:00,0.07905,2026-08-20T00:03:10.829196+00:00,0.08055,0.01898,WIN,TIME_EXIT
ADA-USDT-SWAP,SHORT,2026-08-19T16:20:22.033926+00:00,0.1808,2026-08-19T21:00:26.158581+00:00,0.185,-0.02323,LOSS,STOP_LOSS
ALLO-USDT-SWAP,LONG,2026-08-19T16:20:22.033926+00:00,0.29766,2026-08-19T17:02:59.006588+00:00,0.29379,-0.01300,LOSS,STOP_LOSS
ZRO-USDT-SWAP,LONG,2026-08-19T16:53:50.401929+00:00,0.8588,2026-08-19T22:23:48.908503+00:00,0.849,-0.01141,LOSS,STOP_LOSS
TSLA-USDT-SWAP,LONG,2026-08-19T17:18:51.250950+00:00,346.68,2026-08-20T02:22:41.924883+00:00,350.91,0.01220,WIN,TIME_EXIT
SOL-USDT-SWAP,LONG,2026-08-19T17:18:51.250950+00:00,81.19,2026-08-20T02:22:41.924883+00:00,85.14,0.04865,WIN,TIME_EXIT
WLD-USDT-SWAP,SHORT,2026-08-19T17:47:31.696225+00:00,0.3493,2026-08-19T19:42:07.121014+00:00,0.357,-0.02204,LOSS,STOP_LOSS
MUBARAK-USDT-SWAP,LONG,2026-08-19T17:47:31.696225+00:00,0.021475,2026-08-19T18:29:34.286364+00:00,0.020955,-0.02421,LOSS,STOP_LOSS
PUMP-USDT-SWAP,LONG,2026-08-19T17:47:31.696225+00:00,0.003144,2026-08-19T18:29:34.286364+00:00,0.003098,-0.01463,LOSS,STOP_LOSS
KAITO-USDT-SWAP,LONG,2026-08-19T19:00:13.727609+00:00,0.341,2026-08-20T03:31:28.214691+00:00,0.3553,0.04194,WIN,TIME_EXIT
LIT-USDT-SWAP,SHORT,2026-08-19T19:35:42.093013+00:00,2.6383,2026-08-19T21:00:26.158581+00:00,2.7165,-0.02964,LOSS,STOP_LOSS
PIEVERSE-USDT-SWAP,LONG,2026-08-19T19:56:59.134401+00:00,0.8974,2026-08-20T04:12:55.104424+00:00,0.9244,0.03009,WIN,TIME_EXIT
KAITO-USDT-SWAP,SHORT,2026-08-19T20:51:25.140775+00:00,0.349,2026-08-20T03:31:28.214691+00:00,0.3553,-0.01805,LOSS,STOP_LOSS
NBIS-USDT-SWAP,LONG,2026-08-19T22:15:13.886066+00:00,225.91,2026-08-20T06:38:55.403383+00:00,229.13,0.01425,WIN,TIME_EXIT
NEAR-USDT-SWAP,LONG,2026-08-19T22:15:13.886066+00:00,1.737,2026-08-20T04:12:55.104424+00:00,1.718,-0.01094,LOSS,STOP_LOSS
PENGU-USDT-SWAP,LONG,2026-08-19T22:15:13.886066+00:00,0.006486,2026-08-20T03:31:28.214691+00:00,0.006392,-0.01449,LOSS,STOP_LOSS
MON-USDT-SWAP,LONG,2026-08-19T22:48:02.960284+00:00,0.02237,2026-08-20T07:32:25.471242+00:00,0.02499,0.11712,WIN,TIME_EXIT
WLD-USDT-SWAP,LONG,2026-08-19T22:48:02.960284+00:00,0.3554,2026-08-20T07:32:25.471242+00:00,0.3598,0.01238,WIN,TIME_EXIT
SUI-USDT-SWAP,LONG,2026-08-19T22:48:02.960284+00:00,0.7055,2026-08-20T03:31:28.214691+00:00,0.6972,-0.01176,LOSS,STOP_LOSS
XPL-USDT-SWAP,LONG,2026-08-19T23:14:36.016188+00:00,0.08027,2026-08-20T07:32:25.471242+00:00,0.08153,0.01570,WIN,TIME_EXIT
ARB-USDT-SWAP,LONG,2026-08-19T23:56:40.784538+00:00,0.08961,2026-08-20T01:09:04.277030+00:00,0.08859,-0.01138,LOSS,STOP_LOSS
TIA-USDT-SWAP,LONG,2026-08-19T23:56:40.784538+00:00,0.324,2026-08-20T03:31:28.214691+00:00,0.3206,-0.01049,LOSS,STOP_LOSS
KORU-USDT-SWAP,LONG,2026-08-19T23:56:40.784538+00:00,19.7,2026-08-20T08:11:38.653475+00:00,20.53,0.04213,WIN,TIME_EXIT
BEAT-USDT-SWAP,LONG,2026-08-20T00:57:33.214672+00:00,0.1473,2026-08-20T06:38:55.403383+00:00,0.145,-0.01561,LOSS,STOP_LOSS
TRUMP-USDT-SWAP,SHORT,2026-08-20T00:57:33.214672+00:00,1.809,2026-08-20T09:02:04.604124+00:00,1.686,0.06799,WIN,TIME_EXIT
ZAMA-USDT-SWAP,LONG,2026-08-20T02:15:39.938883+00:00,0.04584,2026-08-20T09:02:04.604124+00:00,0.04508,-0.01658,LOSS,STOP_LOSS
ICP-USDT-SWAP,LONG,2026-08-20T02:15:39.938883+00:00,2.313,2026-08-20T03:31:28.214691+00:00,2.283,-0.01297,LOSS,STOP_LOSS
PUMP-USDT-SWAP,SHORT,2026-08-20T02:15:39.938883+00:00,0.003176,2026-08-20T03:31:28.214691+00:00,0.003289,-0.03558,LOSS,STOP_LOSS
XRP-USDT-SWAP,LONG,2026-08-20T03:22:29.551074+00:00,1.0917,2026-08-20T11:25:33.169606+00:00,1.1642,0.06641,WIN,TIME_EXIT
MON-USDT-SWAP,SHORT,2026-08-20T04:04:37.947014+00:00,0.02381,2026-08-20T05:31:02.836731+00:00,0.02419,-0.01596,LOSS,STOP_LOSS
H-USDT-SWAP,LONG,2026-08-20T05:53:46.365503+00:00,0.08651,2026-08-20T06:38:55.403383+00:00,0.08455,-0.02266,LOSS,STOP_LOSS
BEAT-USDT-SWAP,LONG,2026-08-20T06:29:32.052652+00:00,0.145,2026-08-20T07:32:25.471242+00:00,0.1371,-0.05448,LOSS,STOP_LOSS
MMT-USDT-SWAP,LONG,2026-08-20T06:29:32.052652+00:00,0.1808,2026-08-20T12:37:50.002557+00:00,0.178,-0.01549,LOSS,STOP_LOSS
LIT-USDT-SWAP,SHORT,2026-08-20T07:23:10.904260+00:00,2.96,2026-08-20T15:33:30.246375+00:00,2.721,0.08074,WIN,TIME_EXIT
INTC-USDT-SWAP,LONG,2026-08-20T08:02:46.309968+00:00,93.62,2026-08-20T11:56:30.061948+00:00,91.92,-0.01816,LOSS,STOP_LOSS
PIEVERSE-USDT-SWAP,LONG,2026-08-20T08:02:46.309968+00:00,0.9519,2026-08-20T09:33:08.518025+00:00,0.9282,-0.02490,LOSS,STOP_LOSS
AVGO-USDT-SWAP,LONG,2026-08-20T08:53:34.996975+00:00,365.58,2026-08-20T17:06:49.011666+00:00,364.59,-0.00271,FLAT,TIME_EXIT
BIO-USDT-SWAP,SHORT,2026-08-20T08:53:34.996975+00:00,0.03232,2026-08-20T09:33:08.518025+00:00,0.03348,-0.03589,LOSS,STOP_LOSS
EDGE-USDT-SWAP,LONG,2026-08-20T09:24:10.967708+00:00,0.3594,2026-08-20T10:06:23.164465+00:00,0.3482,-0.03116,LOSS,STOP_LOSS
PEPE-USDT-SWAP,LONG,2026-08-20T09:24:10.967708+00:00,3.127e-06,2026-08-20T10:06:23.164465+00:00,3.078e-06,-0.01567,LOSS,STOP_LOSS
BOME-USDT-SWAP,SHORT,2026-08-20T09:57:17.105621+00:00,0.0011892,2026-08-20T10:35:09.372709+00:00,0.0012039,-0.01236,LOSS,STOP_LOSS
VIRTUAL-USDT-SWAP,LONG,2026-08-20T10:26:24.085873+00:00,0.6436,2026-08-20T12:37:50.002557+00:00,0.6347,-0.01383,LOSS,STOP_LOSS
PUMP-USDT-SWAP,SHORT,2026-08-20T11:18:57.423765+00:00,0.003371,2026-08-20T11:56:30.061948+00:00,0.003421,-0.01483,LOSS,STOP_LOSS
CL-USDT-SWAP,SHORT,2026-08-20T12:28:55.738287+00:00,87.52,2026-08-20T21:02:12.008489+00:00,86.23,0.01474,WIN,TIME_EXIT
WLFI-USDT-SWAP,SHORT,2026-08-20T12:28:55.738287+00:00,0.06162,2026-08-20T21:02:12.008489+00:00,0.06119,0.00698,WIN,TIME_EXIT
PEOPLE-USDT-SWAP,LONG,2026-08-20T12:28:55.738287+00:00,0.008305,2026-08-20T21:02:12.008489+00:00,0.011032,0.32836,WIN,TIME_EXIT
INJ-USDT-SWAP,LONG,2026-08-20T14:07:22.452355+00:00,4.738,2026-08-20T22:25:23.557919+00:00,4.765,0.00570,WIN,TIME_EXIT
RE-USDT-SWAP,LONG,2026-08-20T14:07:22.452355+00:00,0.51202,2026-08-20T21:02:12.008489+00:00,0.50079,-0.02193,LOSS,STOP_LOSS
SNDK-USDT-SWAP,LONG,2026-08-20T14:52:30.469370+00:00,1605.38,2026-08-20T17:42:37.955186+00:00,1585.36,-0.01247,LOSS,STOP_LOSS
BEAT-USDT-SWAP,LONG,2026-08-20T15:56:21.388004+00:00,0.1313,2026-08-20T16:34:03.233210+00:00,0.1246,-0.05103,LOSS,STOP_LOSS
BSB-USDT-SWAP,LONG,2026-08-20T15:56:21.388004+00:00,0.1268,2026-08-20T19:02:45.316774+00:00,0.125,-0.01420,LOSS,STOP_LOSS
PNUT-USDT-SWAP,LONG,2026-08-20T16:27:11.922012+00:00,0.05166,2026-08-21T00:53:40.477939+00:00,0.0522,0.01045,WIN,TIME_EXIT
SNXX-USDT-SWAP,LONG,2026-08-20T17:00:04.173705+00:00,15.01,2026-08-20T17:42:37.955186+00:00,14.8,-0.01399,LOSS,STOP_LOSS
H-USDT-SWAP,LONG,2026-08-20T17:00:04.173705+00:00,0.0803,2026-08-20T22:58:26.443106+00:00,0.07921,-0.01357,LOSS,STOP_LOSS
UB-USDT-SWAP,LONG,2026-08-20T17:00:04.173705+00:00,0.11691,2026-08-20T21:02:12.008489+00:00,0.11542,-0.01274,LOSS,STOP_LOSS
PIEVERSE-USDT-SWAP,LONG,2026-08-20T17:33:59.236364+00:00,0.9633,2026-08-20T19:02:45.316774+00:00,0.9519,-0.01183,LOSS,STOP_LOSS
QQQ-USDT-SWAP,LONG,2026-08-20T18:00:46.303844+00:00,710.47,2026-08-21T02:26:27.222397+00:00,714.06,0.00505,WIN,TIME_EXIT
VIRTUAL-USDT-SWAP,LONG,2026-08-20T18:00:46.303844+00:00,0.6305,2026-08-21T02:26:27.222397+00:00,0.6476,0.02712,WIN,TIME_EXIT
ZEC-USDT-SWAP,LONG,2026-08-20T18:00:46.303844+00:00,567.94,2026-08-21T02:26:27.222397+00:00,574.64,0.01180,WIN,TIME_EXIT
DASH-USDT-SWAP,LONG,2026-08-20T18:00:46.303844+00:00,32.98,2026-08-20T19:02:45.316774+00:00,32.54,-0.01334,LOSS,STOP_LOSS
JTO-USDT-SWAP,LONG,2026-08-20T18:00:46.303844+00:00,0.5836,2026-08-20T19:02:45.316774+00:00,0.5716,-0.02056,LOSS,STOP_LOSS
XLM-USDT-SWAP,LONG,2026-08-20T18:00:46.303844+00:00,0.18304,2026-08-20T19:02:45.316774+00:00,0.17829,-0.02595,LOSS,STOP_LOSS
DOGE-USDT-SWAP,LONG,2026-08-20T18:56:12.312507+00:00,0.08017,2026-08-20T22:25:23.557919+00:00,0.07911,-0.01322,LOSS,STOP_LOSS
MMT-USDT-SWAP,LONG,2026-08-20T18:56:12.312507+00:00,0.1754,2026-08-21T03:36:21.361374+00:00,0.1767,0.00741,WIN,TIME_EXIT
WIF-USDT-SWAP,LONG,2026-08-20T18:56:12.312507+00:00,0.1602,2026-08-21T03:36:21.361374+00:00,0.1667,0.04057,WIN,TIME_EXIT
WLD-USDT-SWAP,LONG,2026-08-20T18:56:12.312507+00:00,0.3662,2026-08-21T03:36:21.361374+00:00,0.3741,0.02157,WIN,TIME_EXIT
UNI-USDT-SWAP,LONG,2026-08-20T18:56:12.312507+00:00,3.706,2026-08-21T03:36:21.361374+00:00,3.828,0.03292,WIN,TIME_EXIT
SHIB-USDT-SWAP,LONG,2026-08-20T19:53:33.150466+00:00,4.866e-06,2026-08-21T04:17:13.926233+00:00,4.964e-06,0.02014,WIN,TIME_EXIT
ALLO-USDT-SWAP,LONG,2026-08-20T20:53:19.551599+00:00,0.3011,2026-08-21T05:00:23.614818+00:00,0.308,0.02292,WIN,TIME_EXIT
CRV-USDT-SWAP,LONG,2026-08-20T22:17:19.390829+00:00,0.2759,2026-08-21T06:38:44.249294+00:00,0.3125,0.13266,WIN,TIME_EXIT
PNUT-USDT-SWAP,LONG,2026-08-20T22:51:41.136397+00:00,0.05176,2026-08-21T07:33:15.427877+00:00,0.0532,0.02782,WIN,TIME_EXIT
MON-USDT-SWAP,LONG,2026-08-20T22:51:41.136397+00:00,0.02571,2026-08-21T07:33:15.427877+00:00,0.02789,0.08479,WIN,TIME_EXIT
BEAT-USDT-SWAP,LONG,2026-08-20T23:17:07.316718+00:00,0.1367,2026-08-20T23:55:59.409756+00:00,0.1341,-0.01902,LOSS,STOP_LOSS
GRASS-USDT-SWAP,LONG,2026-08-21T00:45:14.890335+00:00,0.3146,2026-08-21T04:17:13.926233+00:00,0.3093,-0.01685,LOSS,STOP_LOSS
MMT-USDT-SWAP,LONG,2026-08-21T00:45:14.890335+00:00,0.1761,2026-08-21T09:03:42.510518+00:00,0.1793,0.01817,WIN,TIME_EXIT
APR-USDT-SWAP,LONG,2026-08-21T02:18:06.772534+00:00,0.1846,2026-08-21T10:42:15.306366+00:00,0.1931,0.04605,WIN,TIME_EXIT
BOME-USDT-SWAP,LONG,2026-08-21T04:08:45.211598+00:00,0.0011582,2026-08-21T13:03:30.871194+00:00,0.0012868,0.11103,WIN,TIME_EXIT
UB-USDT-SWAP,SHORT,2026-08-21T04:08:45.211598+00:00,0.11572,2026-08-21T11:46:22.665013+00:00,0.117,-0.01106,LOSS,STOP_LOSS
HOME-USDT-SWAP,SHORT,2026-08-21T08:03:44.387766+00:00,0.006289,2026-08-21T11:46:22.665013+00:00,0.006368,-0.01256,LOSS,STOP_LOSS
ZAMA-USDT-SWAP,SHORT,2026-08-21T08:03:44.387766+00:00,0.04649,2026-08-21T10:08:31.690534+00:00,0.04717,-0.01463,LOSS,STOP_LOSS
LDO-USDT-SWAP,SHORT,2026-08-21T08:55:13.419644+00:00,0.36,2026-08-21T11:11:06.011657+00:00,0.364,-0.01111,LOSS,STOP_LOSS
PNUT-USDT-SWAP,LONG,2026-08-21T09:27:10.599575+00:00,0.05262,2026-08-21T17:38:49.983111+00:00,0.0539,0.02433,WIN,TIME_EXIT
DASH-USDT-SWAP,LONG,2026-08-21T09:27:10.599575+00:00,34.48,2026-08-21T17:38:49.983111+00:00,35.3,0.02378,WIN,TIME_EXIT
BOME-USDT-SWAP,LONG,2026-08-21T09:27:10.599575+00:00,0.001277,2026-08-21T16:31:19.692461+00:00,0.0012633,-0.01073,LOSS,STOP_LOSS
HYPE-USDT-SWAP,LONG,2026-08-21T09:27:10.599575+00:00,73.875,2026-08-21T17:38:49.983111+00:00,75.369,0.02022,WIN,TIME_EXIT
JTO-USDT-SWAP,LONG,2026-08-21T09:27:10.599575+00:00,0.5898,2026-08-21T17:38:49.983111+00:00,0.6152,0.04307,WIN,TIME_EXIT
LIT-USDT-SWAP,LONG,2026-08-21T09:27:10.599575+00:00,2.7258,2026-08-21T17:38:49.983111+00:00,3.034,0.11307,WIN,TIME_EXIT
MOODENG-USDT-SWAP,LONG,2026-08-21T09:27:10.599575+00:00,0.04544,2026-08-21T17:38:49.983111+00:00,0.04786,0.05326,WIN,TIME_EXIT
ORDI-USDT-SWAP,LONG,2026-08-21T09:27:10.599575+00:00,4.368,2026-08-21T17:38:49.983111+00:00,4.401,0.00755,WIN,TIME_EXIT
MON-USDT-SWAP,LONG,2026-08-21T09:59:33.205321+00:00,0.02708,2026-08-21T18:06:49.157482+00:00,0.02789,0.02991,WIN,TIME_EXIT
LDO-USDT-SWAP,LONG,2026-08-21T09:59:33.205321+00:00,0.3564,2026-08-21T18:06:49.157482+00:00,0.3632,0.01908,WIN,TIME_EXIT
PEOPLE-USDT-SWAP,LONG,2026-08-21T10:33:24.618906+00:00,0.011192,2026-08-21T18:40:36.266790+00:00,0.011605,0.03690,WIN,TIME_EXIT
AEON-USDT-SWAP,LONG,2026-08-21T11:02:00.529607+00:00,0.07322,2026-08-21T18:40:36.266790+00:00,0.07185,-0.01871,LOSS,STOP_LOSS
PIEVERSE-USDT-SWAP,LONG,2026-08-21T11:37:46.798620+00:00,1.0174,2026-08-21T19:45:03.183023+00:00,1.1034,0.08453,WIN,TIME_EXIT
ONDO-USDT-SWAP,LONG,2026-08-21T11:37:46.798620+00:00,0.3732,2026-08-21T19:45:03.183023+00:00,0.3777,0.01206,WIN,TIME_EXIT
PENGU-USDT-SWAP,LONG,2026-08-21T11:37:46.798620+00:00,0.007668,2026-08-21T19:45:03.183023+00:00,0.008254,0.07642,WIN,TIME_EXIT
MSTR-USDT-SWAP,LONG,2026-08-21T11:59:34.135566+00:00,120.26,2026-08-21T14:23:56.830639+00:00,117.79,-0.02054,LOSS,STOP_LOSS
PUMP-USDT-SWAP,LONG,2026-08-21T12:53:27.273773+00:00,0.004005,2026-08-21T18:40:36.266790+00:00,0.00396,-0.01124,LOSS,STOP_LOSS
RIVER-USDT-SWAP,LONG,2026-08-21T12:53:27.273773+00:00,3.006,2026-08-21T17:05:46.308097+00:00,2.905,-0.03360,LOSS,STOP_LOSS
RE-USDT-SWAP,LONG,2026-08-21T12:53:27.273773+00:00,0.51198,2026-08-21T14:23:56.830639+00:00,0.49494,-0.03328,LOSS,STOP_LOSS
AMD-USDT-SWAP,LONG,2026-08-21T13:38:05.039860+00:00,468.72,2026-08-21T21:48:23.791093+00:00,472.38,0.00781,WIN,TIME_EXIT
AAOI-USDT-SWAP,LONG,2026-08-21T13:38:05.039860+00:00,127.81,2026-08-21T14:23:56.830639+00:00,125.5,-0.01807,LOSS,STOP_LOSS
CFX-USDT-SWAP,LONG,2026-08-21T13:38:05.039860+00:00,0.04912,2026-08-21T21:48:23.791093+00:00,0.05012,0.02036,WIN,TIME_EXIT
HYPE-USDT-SWAP,LONG,2026-08-21T14:17:35.649994+00:00,75.395,2026-08-21T19:45:03.183023+00:00,74.466,-0.01232,LOSS,STOP_LOSS
BASED-USDT-SWAP,LONG,2026-08-21T15:46:06.672794+00:00,0.08957,2026-08-21T23:49:13.135053+00:00,0.09089,0.01474,WIN,TIME_EXIT
PENGU-USDT-SWAP,LONG,2026-08-21T16:21:26.470678+00:00,0.00815,2026-08-22T01:16:43.823956+00:00,0.008947,0.09779,WIN,TIME_EXIT
SOXL-USDT-SWAP,LONG,2026-08-21T16:21:26.470678+00:00,119.12,2026-08-22T01:16:43.823956+00:00,119.48,0.00302,FLAT,TIME_EXIT
TRUMP-USDT-SWAP,LONG,2026-08-21T16:58:58.309859+00:00,1.848,2026-08-21T18:40:36.266790+00:00,1.827,-0.01136,LOSS,STOP_LOSS
INTC-USDT-SWAP,LONG,2026-08-21T16:58:58.309859+00:00,90.14,2026-08-22T01:16:43.823956+00:00,89.98,-0.00178,FLAT,TIME_EXIT
BICO-USDT-SWAP,SHORT,2026-08-21T16:58:58.309859+00:00,0.02158,2026-08-21T19:19:40.340859+00:00,0.02221,-0.02919,LOSS,STOP_LOSS
ONDO-USDT-SWAP,LONG,2026-08-21T17:29:49.751768+00:00,0.3897,2026-08-21T19:19:40.340859+00:00,0.3766,-0.03362,LOSS,STOP_LOSS
BSB-USDT-SWAP,LONG,2026-08-21T17:29:49.751768+00:00,0.1292,2026-08-21T19:19:40.340859+00:00,0.1274,-0.01393,LOSS,STOP_LOSS
APR-USDT-SWAP,LONG,2026-08-21T17:29:49.751768+00:00,0.2202,2026-08-21T19:45:03.183023+00:00,0.2179,-0.01045,LOSS,STOP_LOSS
RE-USDT-SWAP,LONG,2026-08-21T17:29:49.751768+00:00,0.51185,2026-08-22T02:28:53.381632+00:00,0.58932,0.15135,WIN,TIME_EXIT
ROBO-USDT-SWAP,LONG,2026-08-21T17:29:49.751768+00:00,0.01724,2026-08-21T20:02:16.875949+00:00,0.01694,-0.01740,LOSS,STOP_LOSS
ETHFI-USDT-SWAP,LONG,2026-08-21T17:57:19.014601+00:00,0.5791,2026-08-21T19:19:40.340859+00:00,0.568,-0.01917,LOSS,STOP_LOSS
CBRS-USDT-SWAP,LONG,2026-08-21T18:32:02.249089+00:00,198.41,2026-08-21T20:02:16.875949+00:00,196.34,-0.01043,LOSS,STOP_LOSS
SNXX-USDT-SWAP,LONG,2026-08-21T18:32:02.249089+00:00,15.05,2026-08-21T23:24:01.327999+00:00,14.88,-0.01130,LOSS,STOP_LOSS
BONK-USDT-SWAP,LONG,2026-08-21T19:12:56.435516+00:00,2.956e-06,2026-08-22T03:19:40.706116+00:00,3.261e-06,0.10318,WIN,TIME_EXIT
CFX-USDT-SWAP,LONG,2026-08-21T19:12:56.435516+00:00,0.04893,2026-08-22T03:19:40.706116+00:00,0.05118,0.04598,WIN,TIME_EXIT
GALA-USDT-SWAP,LONG,2026-08-21T19:12:56.435516+00:00,0.002089,2026-08-21T19:45:03.183023+00:00,0.002063,-0.01245,LOSS,STOP_LOSS
BEAT-USDT-SWAP,LONG,2026-08-21T19:55:19.063510+00:00,0.153,2026-08-21T20:24:35.832380+00:00,0.1508,-0.01438,LOSS,STOP_LOSS
KAITO-USDT-SWAP,SHORT,2026-08-21T21:57:38.057201+00:00,0.3843,2026-08-21T22:28:48.203118+00:00,0.3885,-0.01093,LOSS,STOP_LOSS
HOME-USDT-SWAP,SHORT,2026-08-21T22:21:32.566654+00:00,0.006435,2026-08-22T01:16:43.823956+00:00,0.006544,-0.01694,LOSS,STOP_LOSS
ENA-USDT-SWAP,LONG,2026-08-21T22:21:32.566654+00:00,0.14222,2026-08-22T06:30:33.614849+00:00,0.14968,0.05245,WIN,TIME_EXIT
ETHFI-USDT-SWAP,LONG,2026-08-21T23:40:35.946043+00:00,0.6029,2026-08-22T05:31:14.789567+00:00,0.581,-0.03632,LOSS,STOP_LOSS
FARTCOIN-USDT-SWAP,LONG,2026-08-21T23:40:35.946043+00:00,0.195,2026-08-22T05:59:06.266367+00:00,0.1886,-0.03282,LOSS,STOP_LOSS
WLD-USDT-SWAP,LONG,2026-08-21T23:40:35.946043+00:00,0.4005,2026-08-22T07:50:29.790529+00:00,0.4139,0.03346,WIN,TIME_EXIT
XLM-USDT-SWAP,LONG,2026-08-21T23:57:53.146237+00:00,0.20047,2026-08-22T08:09:56.007261+00:00,0.2069,0.03207,WIN,TIME_EXIT
PEPE-USDT-SWAP,LONG,2026-08-22T01:07:51.617748+00:00,4.091e-06,2026-08-22T05:31:14.789567+00:00,4.01e-06,-0.01980,LOSS,STOP_LOSS
BEAT-USDT-SWAP,LONG,2026-08-22T02:20:04.306353+00:00,0.1585,2026-08-22T06:30:33.614849+00:00,0.1554,-0.01956,LOSS,STOP_LOSS
KAITO-USDT-SWAP,LONG,2026-08-22T02:20:04.306353+00:00,0.3828,2026-08-22T05:31:14.789567+00:00,0.3657,-0.04467,LOSS,STOP_LOSS
MON-USDT-SWAP,SHORT,2026-08-22T03:12:47.913435+00:00,0.02953,2026-08-22T11:21:35.953550+00:00,0.02638,0.10667,WIN,TIME_EXIT
ASTER-USDT-SWAP,LONG,2026-08-22T04:23:16.170334+00:00,0.7442,2026-08-22T05:31:14.789567+00:00,0.6748,-0.09325,LOSS,STOP_LOSS
H-USDT-SWAP,LONG,2026-08-22T04:23:16.170334+00:00,0.08416,2026-08-22T05:31:14.789567+00:00,0.08038,-0.04491,LOSS,STOP_LOSS
RE-USDT-SWAP,LONG,2026-08-22T04:56:50.153339+00:00,0.55552,2026-08-22T05:59:06.266367+00:00,0.54212,-0.02412,LOSS,STOP_LOSS
DOS-USDT-SWAP,LONG,2026-08-22T04:56:50.153339+00:00,0.2563,2026-08-22T05:31:14.789567+00:00,0.2338,-0.08779,LOSS,STOP_LOSS
AEON-USDT-SWAP,LONG,2026-08-22T05:22:25.823534+00:00,0.06322,2026-08-22T13:51:08.633360+00:00,0.06564,0.03828,WIN,TIME_EXIT
BIO-USDT-SWAP,LONG,2026-08-22T05:22:25.823534+00:00,0.03035,2026-08-22T13:51:08.633360+00:00,0.03071,0.01186,WIN,TIME_EXIT
RIVER-USDT-SWAP,LONG,2026-08-22T05:22:25.823534+00:00,2.627,2026-08-22T06:30:33.614849+00:00,2.552,-0.02855,LOSS,STOP_LOSS
VIRTUAL-USDT-SWAP,LONG,2026-08-22T05:22:25.823534+00:00,0.6986,2026-08-22T08:53:29.672727+00:00,0.6846,-0.02004,LOSS,STOP_LOSS
APT-USDT-SWAP,LONG,2026-08-22T05:22:25.823534+00:00,0.6431,2026-08-22T10:27:04.581689+00:00,0.6325,-0.01648,LOSS,STOP_LOSS
BONK-USDT-SWAP,LONG,2026-08-22T05:22:25.823534+00:00,3.226e-06,2026-08-22T10:27:04.581689+00:00,3.119e-06,-0.03317,LOSS,STOP_LOSS
ONDO-USDT-SWAP,LONG,2026-08-22T05:22:25.823534+00:00,0.387,2026-08-22T08:09:56.007261+00:00,0.3818,-0.01344,LOSS,STOP_LOSS
BASED-USDT-SWAP,LONG,2026-08-22T05:22:25.823534+00:00,0.0812,2026-08-22T06:30:33.614849+00:00,0.07981,-0.01712,LOSS,STOP_LOSS
BNB-USDT-SWAP,LONG,2026-08-22T05:22:25.823534+00:00,694.9,2026-08-22T10:27:04.581689+00:00,687.4,-0.01079,LOSS,STOP_LOSS
CHZ-USDT-SWAP,LONG,2026-08-22T05:22:25.823534+00:00,0.0144,2026-08-22T13:51:08.633360+00:00,0.01473,0.02292,WIN,TIME_EXIT
ENA-USDT-SWAP,LONG,2026-08-22T05:22:25.823534+00:00,0.14863,2026-08-22T10:27:04.581689+00:00,0.14498,-0.02456,LOSS,STOP_LOSS
NEAR-USDT-SWAP,LONG,2026-08-22T05:22:25.823534+00:00,1.912,2026-08-22T10:27:04.581689+00:00,1.868,-0.02301,LOSS,STOP_LOSS
OKB-USDT-SWAP,LONG,2026-08-22T05:22:25.823534+00:00,111.11,2026-08-22T10:27:04.581689+00:00,108.92,-0.01971,LOSS,STOP_LOSS
OP-USDT-SWAP,LONG,2026-08-22T05:22:25.823534+00:00,0.11122,2026-08-22T08:53:29.672727+00:00,0.11008,-0.01025,LOSS,STOP_LOSS
PNUT-USDT-SWAP,LONG,2026-08-22T05:22:25.823534+00:00,0.05583,2026-08-22T05:59:06.266367+00:00,0.05488,-0.01702,LOSS,STOP_LOSS
SUI-USDT-SWAP,LONG,2026-08-22T05:22:25.823534+00:00,0.8494,2026-08-22T10:05:25.761162+00:00,0.8283,-0.02484,LOSS,STOP_LOSS
WLFI-USDT-SWAP,LONG,2026-08-22T05:22:25.823534+00:00,0.06244,2026-08-22T07:16:35.398239+00:00,0.06126,-0.01890,LOSS,STOP_LOSS
XRP-USDT-SWAP,LONG,2026-08-22T05:22:25.823534+00:00,1.505,2026-08-22T10:05:25.761162+00:00,1.4762,-0.01914,LOSS,STOP_LOSS
ADA-USDT-SWAP,LONG,2026-08-22T05:22:25.823534+00:00,0.2229,2026-08-22T10:27:04.581689+00:00,0.2198,-0.01391,LOSS,STOP_LOSS
FIL-USDT-SWAP,LONG,2026-08-22T05:22:25.823534+00:00,0.7894,2026-08-22T08:53:29.672727+00:00,0.7766,-0.01621,LOSS,STOP_LOSS
INJ-USDT-SWAP,LONG,2026-08-22T05:22:25.823534+00:00,4.929,2026-08-22T08:53:29.672727+00:00,4.878,-0.01035,LOSS,STOP_LOSS
JUP-USDT-SWAP,LONG,2026-08-22T05:22:25.823534+00:00,0.2077,2026-08-22T08:53:29.672727+00:00,0.2055,-0.01059,LOSS,STOP_LOSS
MORPHO-USDT-SWAP,LONG,2026-08-22T05:22:25.823534+00:00,2.33,2026-08-22T05:59:06.266367+00:00,2.2867,-0.01858,LOSS,STOP_LOSS
MUBARAK-USDT-SWAP,LONG,2026-08-22T05:22:25.823534+00:00,0.026969,2026-08-22T07:16:35.398239+00:00,0.025952,-0.03771,LOSS,STOP_LOSS
PEOPLE-USDT-SWAP,LONG,2026-08-22T05:22:25.823534+00:00,0.010778,2026-08-22T05:59:06.266367+00:00,0.010503,-0.02551,LOSS,STOP_LOSS
PI-USDT-SWAP,LONG,2026-08-22T05:22:25.823534+00:00,0.09512,2026-08-22T08:53:29.672727+00:00,0.09234,-0.02923,LOSS,STOP_LOSS
PIPPIN-USDT-SWAP,LONG,2026-08-22T05:22:25.823534+00:00,0.01957,2026-08-22T06:30:33.614849+00:00,0.01924,-0.01686,LOSS,STOP_LOSS
SOL-USDT-SWAP,LONG,2026-08-22T05:22:25.823534+00:00,94.11,2026-08-22T10:27:04.581689+00:00,91.64,-0.02625,LOSS,STOP_LOSS
TIA-USDT-SWAP,LONG,2026-08-22T05:22:25.823534+00:00,0.3851,2026-08-22T10:05:25.761162+00:00,0.3806,-0.01169,LOSS,STOP_LOSS
WLD-USDT-SWAP,LONG,2026-08-22T05:22:25.823534+00:00,0.4051,2026-08-22T10:05:25.761162+00:00,0.3966,-0.02098,LOSS,STOP_LOSS
ALLO-USDT-SWAP,LONG,2026-08-22T05:22:25.823534+00:00,0.28677,2026-08-22T13:51:08.633360+00:00,0.28854,0.00617,WIN,TIME_EXIT
CC-USDT-SWAP,LONG,2026-08-22T05:22:25.823534+00:00,0.118,2026-08-22T09:45:50.776385+00:00,0.11544,-0.02169,LOSS,STOP_LOSS
HBAR-USDT-SWAP,LONG,2026-08-22T05:22:25.823534+00:00,0.07929,2026-08-22T08:09:56.007261+00:00,0.07846,-0.01047,LOSS,STOP_LOSS
ARB-USDT-SWAP,LONG,2026-08-22T05:22:25.823534+00:00,0.09872,2026-08-22T10:27:04.581689+00:00,0.09697,-0.01773,LOSS,STOP_LOSS
GIGGLE-USDT-SWAP,LONG,2026-08-22T05:22:25.823534+00:00,37.12,2026-08-22T08:53:29.672727+00:00,36.6,-0.01401,LOSS,STOP_LOSS
XLM-USDT-SWAP,LONG,2026-08-22T05:22:25.823534+00:00,0.20145,2026-08-22T10:05:25.761162+00:00,0.19799,-0.01718,LOSS,STOP_LOSS
XPL-USDT-SWAP,LONG,2026-08-22T05:22:25.823534+00:00,0.09588,2026-08-22T08:53:29.672727+00:00,0.09372,-0.02253,LOSS,STOP_LOSS
TRUMP-USDT-SWAP,SHORT,2026-08-22T05:50:22.693644+00:00,3.007,2026-08-22T13:51:08.633360+00:00,2.501,0.16827,WIN,TIME_EXIT
TRX-USDT-SWAP,LONG,2026-08-22T06:23:44.725606+00:00,0.34571,2026-08-22T11:21:35.953550+00:00,0.34184,-0.01119,LOSS,STOP_LOSS
MMT-USDT-SWAP,LONG,2026-08-22T08:01:07.064532+00:00,0.188,2026-08-22T08:53:29.672727+00:00,0.1854,-0.01383,LOSS,STOP_LOSS
FARTCOIN-USDT-SWAP,LONG,2026-08-22T08:01:07.064532+00:00,0.1948,2026-08-22T08:53:29.672727+00:00,0.1923,-0.01283,LOSS,STOP_LOSS
DOGE-USDT-SWAP,LONG,2026-08-22T08:45:14.473267+00:00,0.09108,2026-08-22T10:27:04.581689+00:00,0.08882,-0.02481,LOSS,STOP_LOSS
JTO-USDT-SWAP,LONG,2026-08-22T08:45:14.473267+00:00,0.6225,2026-08-22T10:27:04.581689+00:00,0.6146,-0.01269,LOSS,STOP_LOSS
PENGU-USDT-SWAP,LONG,2026-08-22T08:45:14.473267+00:00,0.008499,2026-08-22T10:27:04.581689+00:00,0.00819,-0.03636,LOSS,STOP_LOSS
ZAMA-USDT-SWAP,LONG,2026-08-22T08:45:14.473267+00:00,0.05305,2026-08-22T09:12:48.942274+00:00,0.05232,-0.01376,LOSS,STOP_LOSS
POL-USDT-SWAP,LONG,2026-08-22T09:04:26.459715+00:00,0.11057,2026-08-22T10:27:04.581689+00:00,0.10349,-0.06403,LOSS,STOP_LOSS
BEAT-USDT-SWAP,LONG,2026-08-22T10:19:16.566779+00:00,0.1649,2026-08-22T10:53:08.202083+00:00,0.1618,-0.01880,LOSS,STOP_LOSS
GRVT-USDT-SWAP,LONG,2026-08-22T10:19:16.566779+00:00,0.26238,2026-08-22T18:04:16.463549+00:00,0.25933,-0.01162,LOSS,STOP_LOSS
BIO-USDT-SWAP,LONG,2026-08-22T13:07:15.311339+00:00,0.03071,2026-08-22T14:53:33.966072+00:00,0.0302,-0.01661,LOSS,STOP_LOSS
CAP-USDT-SWAP,LONG,2026-08-22T13:07:15.311339+00:00,0.07022,2026-08-22T21:29:56.495614+00:00,0.06908,-0.01623,LOSS,STOP_LOSS
LIT-USDT-SWAP,LONG,2026-08-22T13:07:15.311339+00:00,3.1764,2026-08-22T14:28:56.280863+00:00,3.1122,-0.02021,LOSS,STOP_LOSS
PEPE-USDT-SWAP,LONG,2026-08-22T13:07:15.311339+00:00,4.01e-06,2026-08-22T21:29:56.495614+00:00,4.107e-06,0.02419,WIN,TIME_EXIT
UB-USDT-SWAP,LONG,2026-08-22T13:07:15.311339+00:00,0.12175,2026-08-22T20:02:41.109960+00:00,0.12042,-0.01092,LOSS,STOP_LOSS
AAVE-USDT-SWAP,LONG,2026-08-22T13:42:59.749456+00:00,124.73,2026-08-22T14:28:56.280863+00:00,123.23,-0.01203,LOSS,STOP_LOSS
CRV-USDT-SWAP,LONG,2026-08-22T13:42:59.749456+00:00,0.3315,2026-08-22T21:49:37.011301+00:00,0.3376,0.01840,WIN,TIME_EXIT
ENA-USDT-SWAP,LONG,2026-08-22T13:42:59.749456+00:00,0.15604,2026-08-22T14:28:56.280863+00:00,0.15343,-0.01673,LOSS,STOP_LOSS
MMT-USDT-SWAP,LONG,2026-08-22T13:42:59.749456+00:00,0.1874,2026-08-22T18:04:16.463549+00:00,0.1846,-0.01494,LOSS,STOP_LOSS
ICP-USDT-SWAP,LONG,2026-08-22T14:20:45.121803+00:00,2.37,2026-08-22T21:49:37.011301+00:00,2.341,-0.01224,LOSS,STOP_LOSS
UNI-USDT-SWAP,LONG,2026-08-22T15:22:26.849420+00:00,4.191,2026-08-22T23:32:21.905354+00:00,4.255,0.01527,WIN,TIME_EXIT
BASED-USDT-SWAP,LONG,2026-08-22T17:12:45.659494+00:00,0.07616,2026-08-22T19:03:43.147256+00:00,0.07514,-0.01339,LOSS,STOP_LOSS
GRVT-USDT-SWAP,LONG,2026-08-22T17:12:45.659494+00:00,0.269,2026-08-22T17:41:51.847040+00:00,0.26412,-0.01814,LOSS,STOP_LOSS
BONK-USDT-SWAP,LONG,2026-08-22T17:12:45.659494+00:00,3.232e-06,2026-08-22T22:03:32.525864+00:00,3.193e-06,-0.01207,LOSS,STOP_LOSS
ZRO-USDT-SWAP,LONG,2026-08-22T17:12:45.659494+00:00,1.0266,2026-08-23T02:44:05.306413+00:00,1.1646,0.13442,WIN,TIME_EXIT
STX-USDT-SWAP,LONG,2026-08-22T17:35:07.726645+00:00,0.2069,2026-08-23T02:44:05.306413+00:00,0.2108,0.01885,WIN,TIME_EXIT
FARTCOIN-USDT-SWAP,LONG,2026-08-22T18:18:17.476192+00:00,0.1924,2026-08-22T19:03:43.147256+00:00,0.1895,-0.01507,LOSS,STOP_LOSS
POL-USDT-SWAP,LONG,2026-08-22T18:55:04.192955+00:00,0.10809,2026-08-22T20:02:41.109960+00:00,0.1069,-0.01101,LOSS,STOP_LOSS
UB-USDT-SWAP,LONG,2026-08-22T18:55:04.192955+00:00,0.12102,2026-08-22T20:22:54.564211+00:00,0.11896,-0.01702,LOSS,STOP_LOSS
AAVE-USDT-SWAP,LONG,2026-08-22T18:55:04.192955+00:00,124.48,2026-08-23T03:40:24.218777+00:00,123.42,-0.00852,LOSS,TIME_EXIT
ARB-USDT-SWAP,LONG,2026-08-22T18:55:04.192955+00:00,0.09939,2026-08-22T21:29:56.495614+00:00,0.09814,-0.01258,LOSS,STOP_LOSS
TRUMP-USDT-SWAP,LONG,2026-08-22T19:16:15.308938+00:00,2.457,2026-08-22T21:49:37.011301+00:00,2.263,-0.07896,LOSS,STOP_LOSS
STX-USDT-SWAP,SHORT,2026-08-22T19:16:15.308938+00:00,0.2187,2026-08-22T20:02:41.109960+00:00,0.2246,-0.02698,LOSS,STOP_LOSS
MON-USDT-SWAP,SHORT,2026-08-22T19:43:16.323058+00:00,0.02918,2026-08-22T20:02:41.109960+00:00,0.02953,-0.01199,LOSS,STOP_LOSS
LIT-USDT-SWAP,LONG,2026-08-22T19:43:16.323058+00:00,3.2292,2026-08-22T21:49:37.011301+00:00,3.1246,-0.03239,LOSS,STOP_LOSS
ZEC-USDT-SWAP,LONG,2026-08-22T20:58:23.045186+00:00,818.57,2026-08-22T21:49:37.011301+00:00,804.78,-0.01685,LOSS,STOP_LOSS
LTC-USDT-SWAP,LONG,2026-08-22T20:58:23.045186+00:00,52.71,2026-08-22T21:49:37.011301+00:00,52.18,-0.01006,LOSS,STOP_LOSS
PUMP-USDT-SWAP,LONG,2026-08-22T21:43:03.673560+00:00,0.004852,2026-08-23T03:40:24.218777+00:00,0.004769,-0.01711,LOSS,STOP_LOSS
FARTCOIN-USDT-SWAP,LONG,2026-08-23T02:36:09.976430+00:00,0.1737,2026-08-23T03:40:24.218777+00:00,0.1717,-0.01151,LOSS,STOP_LOSS
BEAT-USDT-SWAP,LONG,2026-08-23T02:36:09.976430+00:00,0.1366,2026-08-23T03:40:24.218777+00:00,0.1314,-0.03807,LOSS,STOP_LOSS
TRB-USDT-SWAP,LONG,2026-08-23T03:33:54.058113+00:00,17.93,2026-08-23T05:06:44.520556+00:00,17.74,-0.01060,LOSS,STOP_LOSS
UB-USDT-SWAP,LONG,2026-08-23T04:58:55.448872+00:00,0.12184,2026-08-23T05:37:18.394392+00:00,0.11654,-0.04350,LOSS,STOP_LOSS
CHIP-USDT-SWAP,LONG,2026-08-23T04:58:55.448872+00:00,0.03096,2026-08-23T05:37:18.394392+00:00,0.03056,-0.01292,LOSS,STOP_LOSS
RE-USDT-SWAP,SHORT,2026-08-23T05:30:18.718752+00:00,0.53692,2026-08-23T11:04:41.502431+00:00,0.54536,-0.01572,LOSS,STOP_LOSS
HOME-USDT-SWAP,SHORT,2026-08-23T05:59:46.117490+00:00,0.006373,2026-08-23T13:59:49.893871+00:00,0.006211,0.02542,WIN,TIME_EXIT
MMT-USDT-SWAP,LONG,2026-08-23T07:54:33.706368+00:00,0.171,2026-08-23T14:47:32.018527+00:00,0.1691,-0.01111,LOSS,STOP_LOSS
KAITO-USDT-SWAP,SHORT,2026-08-23T09:49:47.055525+00:00,0.3546,2026-08-23T18:01:02.795503+00:00,0.3539,0.00197,FLAT,TIME_EXIT
TRB-USDT-SWAP,LONG,2026-08-23T10:14:24.326991+00:00,18.53,2026-08-23T18:24:53.772347+00:00,19.15,0.03346,WIN,TIME_EXIT
LIT-USDT-SWAP,LONG,2026-08-23T10:14:24.326991+00:00,3.2762,2026-08-23T12:41:38.645619+00:00,3.239,-0.01135,LOSS,STOP_LOSS
MON-USDT-SWAP,SHORT,2026-08-23T10:41:46.921606+00:00,0.02929,2026-08-23T13:59:49.893871+00:00,0.03017,-0.03004,LOSS,STOP_LOSS
AAVE-USDT-SWAP,LONG,2026-08-23T10:58:25.543121+00:00,126.06,2026-08-23T19:00:50.997448+00:00,141.53,0.12272,WIN,TIME_EXIT
ZAMA-USDT-SWAP,LONG,2026-08-23T11:57:21.701741+00:00,0.05267,2026-08-23T20:02:02.321570+00:00,0.05843,0.10936,WIN,TIME_EXIT
GRVT-USDT-SWAP,LONG,2026-08-23T11:57:21.701741+00:00,0.22963,2026-08-23T14:47:32.018527+00:00,0.22669,-0.01280,LOSS,STOP_LOSS
DASH-USDT-SWAP,LONG,2026-08-23T12:33:49.014437+00:00,40.89,2026-08-23T20:46:51.129703+00:00,42.7,0.04427,WIN,TIME_EXIT
STX-USDT-SWAP,SHORT,2026-08-23T12:33:49.014437+00:00,0.2363,2026-08-23T13:25:10.072428+00:00,0.241,-0.01989,LOSS,STOP_LOSS
MSTR-USDT-SWAP,LONG,2026-08-23T14:41:02.426027+00:00,119.19,2026-08-23T22:53:41.472214+00:00,120.71,0.01275,WIN,TIME_EXIT
UNI-USDT-SWAP,LONG,2026-08-23T14:41:02.426027+00:00,4.461,2026-08-23T22:53:41.472214+00:00,4.553,0.02062,WIN,TIME_EXIT
FARTCOIN-USDT-SWAP,LONG,2026-08-23T14:41:02.426027+00:00,0.1822,2026-08-23T21:06:11.784051+00:00,0.1796,-0.01427,LOSS,STOP_LOSS
PENDLE-USDT-SWAP,LONG,2026-08-23T14:41:02.426027+00:00,1.895,2026-08-23T22:53:41.472214+00:00,1.874,-0.01108,LOSS,STOP_LOSS
SHIB-USDT-SWAP,LONG,2026-08-23T14:41:02.426027+00:00,5.45e-06,2026-08-23T22:53:41.472214+00:00,5.526e-06,0.01394,WIN,TIME_EXIT
ARB-USDT-SWAP,LONG,2026-08-23T14:58:53.341438+00:00,0.10149,2026-08-23T23:07:25.224154+00:00,0.10174,0.00246,FLAT,TIME_EXIT
MON-USDT-SWAP,LONG,2026-08-23T15:43:53.189519+00:00,0.02958,2026-08-23T16:04:50.589823+00:00,0.02918,-0.01352,LOSS,STOP_LOSS
ZEC-USDT-SWAP,LONG,2026-08-23T15:58:14.816961+00:00,838.32,2026-08-24T00:03:38.844060+00:00,851.07,0.01521,WIN,TIME_EXIT
TRUMP-USDT-SWAP,SHORT,2026-08-23T16:48:31.349695+00:00,2.744,2026-08-24T01:07:22.516669+00:00,2.585,0.05794,WIN,TIME_EXIT
PENGU-USDT-SWAP,LONG,2026-08-23T17:33:53.135039+00:00,0.009224,2026-08-24T02:31:03.415020+00:00,0.009503,0.03025,WIN,TIME_EXIT
MMT-USDT-SWAP,LONG,2026-08-23T18:16:02.230500+00:00,0.169,2026-08-24T02:31:03.415020+00:00,0.1666,-0.01420,LOSS,STOP_LOSS
GRASS-USDT-SWAP,LONG,2026-08-23T22:59:30.719954+00:00,0.3597,2026-08-24T03:36:39.238892+00:00,0.3553,-0.01223,LOSS,STOP_LOSS
PUMP-USDT-SWAP,LONG,2026-08-23T23:23:41.590847+00:00,0.005295,2026-08-23T23:48:34.618592+00:00,0.00523,-0.01228,LOSS,STOP_LOSS
MORPHO-USDT-SWAP,LONG,2026-08-24T00:59:08.508627+00:00,2.751,2026-08-24T02:31:03.415020+00:00,2.6803,-0.02570,LOSS,STOP_LOSS
BEAT-USDT-SWAP,LONG,2026-08-24T03:28:55.789227+00:00,0.1303,2026-08-24T11:59:40.851280+00:00,0.1376,0.05602,WIN,TIME_EXIT
ZHIPU-USDT-SWAP,LONG,2026-08-24T05:08:54.707604+00:00,131.99,2026-08-24T07:51:27.374673+00:00,129.74,-0.01705,LOSS,STOP_LOSS
OKB-USDT-SWAP,LONG,2026-08-24T05:50:56.856616+00:00,114.33,2026-08-24T08:34:48.178970+00:00,113.18,-0.01006,LOSS,STOP_LOSS
ENA-USDT-SWAP,LONG,2026-08-24T06:37:45.610724+00:00,0.16094,2026-08-24T10:59:41.544318+00:00,0.15914,-0.01118,LOSS,STOP_LOSS
SNXX-USDT-SWAP,LONG,2026-08-24T06:37:45.610724+00:00,13.71,2026-08-24T10:59:41.544318+00:00,13.52,-0.01386,LOSS,STOP_LOSS
AAVE-USDT-SWAP,LONG,2026-08-24T06:37:45.610724+00:00,142.07,2026-08-24T07:51:27.374673+00:00,139.66,-0.01696,LOSS,STOP_LOSS
GRASS-USDT-SWAP,LONG,2026-08-24T06:37:45.610724+00:00,0.3682,2026-08-24T11:27:18.712869+00:00,0.3553,-0.03504,LOSS,STOP_LOSS
DASH-USDT-SWAP,LONG,2026-08-24T08:26:03.503263+00:00,41.19,2026-08-24T16:33:54.800180+00:00,41.67,0.01165,WIN,TIME_EXIT
PEOPLE-USDT-SWAP,LONG,2026-08-24T08:26:03.503263+00:00,0.010299,2026-08-24T15:14:40.432313+00:00,0.009956,-0.03330,LOSS,STOP_LOSS
VIRTUAL-USDT-SWAP,LONG,2026-08-24T11:18:31.502877+00:00,0.7499,2026-08-24T19:34:08.532257+00:00,0.7812,0.04174,WIN,TIME_EXIT
STX-USDT-SWAP,SHORT,2026-08-24T11:50:31.326332+00:00,0.243,2026-08-24T19:58:07.356502+00:00,0.2231,0.08189,WIN,TIME_EXIT
TRUMP-USDT-SWAP,SHORT,2026-08-24T11:50:31.326332+00:00,2.516,2026-08-24T19:58:07.356502+00:00,2.433,0.03299,WIN,TIME_EXIT
BEAT-USDT-SWAP,LONG,2026-08-24T12:29:07.830824+00:00,0.1345,2026-08-24T13:39:47.002199+00:00,0.1313,-0.02379,LOSS,STOP_LOSS
ZAMA-USDT-SWAP,LONG,2026-08-24T12:29:07.830824+00:00,0.05914,2026-08-24T13:39:47.002199+00:00,0.05837,-0.01302,LOSS,STOP_LOSS
COIN-USDT-SWAP,LONG,2026-08-24T14:23:37.965964+00:00,187.76,2026-08-24T15:59:49.751989+00:00,184.58,-0.01694,LOSS,STOP_LOSS
PIEVERSE-USDT-SWAP,LONG,2026-08-24T14:23:37.965964+00:00,1.0273,2026-08-24T21:04:28.492586+00:00,1.0096,-0.01723,LOSS,STOP_LOSS
SHIB-USDT-SWAP,LONG,2026-08-24T14:23:37.965964+00:00,5.423e-06,2026-08-24T17:51:10.095612+00:00,5.365e-06,-0.01070,LOSS,STOP_LOSS
SOXL-USDT-SWAP,LONG,2026-08-24T15:07:39.137552+00:00,107.22,2026-08-24T23:23:35.353839+00:00,110.66,0.03208,WIN,TIME_EXIT
FARTCOIN-USDT-SWAP,LONG,2026-08-24T17:02:54.231461+00:00,0.1801,2026-08-24T17:51:10.095612+00:00,0.1756,-0.02499,LOSS,STOP_LOSS
ORDI-USDT-SWAP,LONG,2026-08-24T17:02:54.231461+00:00,4.213,2026-08-24T17:51:10.095612+00:00,4.156,-0.01353,LOSS,STOP_LOSS
ICP-USDT-SWAP,LONG,2026-08-24T17:44:24.131793+00:00,2.392,2026-08-25T02:39:26.331260+00:00,2.434,0.01756,WIN,TIME_EXIT
NEAR-USDT-SWAP,LONG,2026-08-24T17:44:24.131793+00:00,1.946,2026-08-25T02:39:26.331260+00:00,1.996,0.02569,WIN,TIME_EXIT
VIRTUAL-USDT-SWAP,LONG,2026-08-24T17:44:24.131793+00:00,0.7815,2026-08-24T20:27:27.522908+00:00,0.772,-0.01216,LOSS,STOP_LOSS
MON-USDT-SWAP,SHORT,2026-08-24T18:56:56.056336+00:00,0.03152,2026-08-24T19:34:08.532257+00:00,0.03195,-0.01364,LOSS,STOP_LOSS
GRASS-USDT-SWAP,LONG,2026-08-24T19:25:09.702871+00:00,0.3629,2026-08-24T20:27:27.522908+00:00,0.359,-0.01075,LOSS,STOP_LOSS
MON-USDT-SWAP,LONG,2026-08-24T20:19:24.979956+00:00,0.0307,2026-08-25T04:59:04.037291+00:00,0.0309,0.00651,WIN,TIME_EXIT
SOXL-USDT-SWAP,LONG,2026-08-24T20:19:24.979956+00:00,110.36,2026-08-25T04:59:04.037291+00:00,114.3,0.03570,WIN,TIME_EXIT
ZAMA-USDT-SWAP,LONG,2026-08-24T20:19:24.979956+00:00,0.06063,2026-08-24T21:58:18.169598+00:00,0.05966,-0.01600,LOSS,STOP_LOSS
LIT-USDT-SWAP,LONG,2026-08-24T21:51:04.084223+00:00,3.4154,2026-08-24T23:23:35.353839+00:00,3.3681,-0.01385,LOSS,STOP_LOSS
MON-USDT-SWAP,SHORT,2026-08-25T02:30:55.823878+00:00,0.03202,2026-08-25T10:56:22.106909+00:00,0.02999,0.06340,WIN,TIME_EXIT
TRUMP-USDT-SWAP,SHORT,2026-08-25T02:30:55.823878+00:00,2.5,2026-08-25T10:56:22.106909+00:00,2.399,0.04040,WIN,TIME_EXIT
UNITREE-USDT-SWAP,SHORT,2026-08-25T03:29:18.648367+00:00,87.87,2026-08-25T06:39:36.733175+00:00,89.23,-0.01548,LOSS,STOP_LOSS
BOME-USDT-SWAP,LONG,2026-08-25T03:29:18.648367+00:00,0.0011461,2026-08-25T04:16:01.133744+00:00,0.0011307,-0.01344,LOSS,STOP_LOSS
OKB-USDT-SWAP,LONG,2026-08-25T03:29:18.648367+00:00,117.63,2026-08-25T08:13:32.191985+00:00,115.12,-0.02134,LOSS,STOP_LOSS
LINK-USDT-SWAP,LONG,2026-08-25T04:08:55.934637+00:00,11.756,2026-08-25T08:13:32.191985+00:00,11.588,-0.01429,LOSS,STOP_LOSS
XRP-USDT-SWAP,LONG,2026-08-25T04:08:55.934637+00:00,1.5124,2026-08-25T08:13:32.191985+00:00,1.4886,-0.01574,LOSS,STOP_LOSS
JTO-USDT-SWAP,LONG,2026-08-25T05:55:20.725407+00:00,0.5892,2026-08-25T06:39:36.733175+00:00,0.5783,-0.01850,LOSS,STOP_LOSS
STX-USDT-SWAP,SHORT,2026-08-25T05:55:20.725407+00:00,0.2757,2026-08-25T06:39:36.733175+00:00,0.2809,-0.01886,LOSS,STOP_LOSS
VIRTUAL-USDT-SWAP,LONG,2026-08-25T06:31:28.383813+00:00,0.8044,2026-08-25T08:13:32.191985+00:00,0.7887,-0.01952,LOSS,STOP_LOSS
LDO-USDT-SWAP,LONG,2026-08-25T06:31:28.383813+00:00,0.377,2026-08-25T08:13:32.191985+00:00,0.3704,-0.01751,LOSS,STOP_LOSS
AAOI-USDT-SWAP,LONG,2026-08-25T08:07:05.888065+00:00,111.56,,,,PENDING,
UB-USDT-SWAP,LONG,2026-08-25T08:57:34.216629+00:00,0.12847,,,,PENDING,
POL-USDT-SWAP,LONG,2026-08-25T10:04:36.954099+00:00,0.12016,2026-08-25T11:24:55.468055+00:00,0.11841,-0.01456,LOSS,STOP_LOSS
BE-USDT-SWAP,LONG,2026-08-25T11:18:36.305756+00:00,215.96,,,,PENDING,
